place_name,rows,avg_rating,sentiment_distribution
(å°åŒ—åœ‹è³“å¤§é£¯åº—)A CUTç‰›æ’é¤¨,20,4.15,"{'positive': 16, 'negative': 4}"
1010æ¹˜é£Ÿå ‚ é ç™¾ä¿¡ç¾©åº—,20,3.6,"{'positive': 10, 'negative': 10}"
103 ä¸²ç‡’ã€é…’é£²,20,4.6,"{'positive': 18, 'negative': 2}"
11PASTA Trattoria é£Ÿç¾©_å¤§å®‰åº—,20,4.15,"{'positive': 16, 'negative': 4}"
12MINIå¿«ç…®é‹ å°åŒ—å°å·¨è›‹åº—,20,3.2,"{'negative': 10, 'positive': 10}"
136æµ·é®®éºµ.å®‰æ±å¸‚å ´åº—ï¼ˆæˆ‘å€‘æ­£å¸¸ç‡Ÿæ¥­å›‰ï¼‰,20,4.35,"{'positive': 18, 'negative': 2}"
18å† è»ç‰›è‚‰éºµ,20,4.6,"{'positive': 19, 'negative': 1}"
21ç²„æ¢åº—,20,4.65,"{'positive': 19, 'negative': 1}"
26å·· é£Ÿå ‚,20,4.55,"{'positive': 18, 'negative': 2}"
2J CAFE,20,4.45,"{'positive': 18, 'negative': 2}"
518é†‰å¤§ç›´/å®µå¤œ/ç‡’çƒ¤/ç¾é£Ÿ/é¤å»³/å±…é…’å±‹,20,4.25,"{'positive': 17, 'negative': 3}"
77opÃ¨t Restaurant,20,3.6,"{'positive': 12, 'negative': 8}"
88å®¶å¸¸èœ~å®Œå…¨é ç´„åˆ¶ï¼(åˆèœæ–¹å¼äººå¤ªå°‘å®¢äººä¸åˆ’ç®—ï¼‰çœ‹å®¢äºº~äººæ•¸ã€é ç®—æ–°é®®æ¡è²·é£Ÿæ~è¨‚å¥½ä½ã€ä»˜å¥½è¨‚é‡‘æ‰æœƒæº–å‚™ï¼ˆç•¶å¤©è¨‚ä½æ˜¯ç„¡æ³•æº–å‚™é£Ÿæçš„ï¼‰~è«‹æ²’æœ‰è¨‚å¥½ä½çš„è¦è©¢å•çš„ä¸è¦é€²ä¾†å› ç‚ºä¸€å€‹äººä½œæ¥­ç„¡æ³•æœå‹™~è«‹è¦è¨‚ä½çš„è¦è©¢å•çš„é›»è©±è¯çµ¡~æ­¡è¿å…‰è‡¨è¬è¬æ”¯æŒï¼,20,4.25,"{'positive': 17, 'negative': 3}"
933è‘¡è„é…’ç¾å­¸â€¢ç§˜è—ä¹¾å¼ç†Ÿæˆç‰›æ’ Rachel Cuisine Dry Aged Prime Steakï½œå¤œé…Œâ€¢ç¨è™•ä¿±æ¨‚éƒ¨ï½œé¦™æª³ä¸‹åˆèŒ¶ï½œáƒ¦æƒ…æ„Ÿè«®è©¢æœƒæ‰€áƒ¦,19,4.842105263157895,"{'positive': 18, 'negative': 1}"
93è•ƒèŒ„ç‰›è‚‰éºµ,20,3.9,"{'positive': 14, 'negative': 6}"
A Bar by ACUT,2,5.0,{'positive': 2}
A Beach 101&Pizza,20,4.5,"{'positive': 17, 'negative': 3}"
AJIMI - å‰²çƒ¹ï¼å‘³ç¾,20,4.3,"{'positive': 17, 'negative': 3}"
ALPHA TOAST-æ–‡å±±ç¾é£Ÿ-æ—©é¤-é¤å»³,20,4.05,"{'positive': 14, 'negative': 6}"
ANTICO FORNO è€çƒ¤ç®±ç¾©å¼æŠ«è–©é¤é…’,20,4.45,"{'positive': 19, 'negative': 1}"
AW Cafe Wine Bistro,20,4.2,"{'positive': 16, 'negative': 4}"
Answer å®‰æ£®,20,4.8,"{'positive': 19, 'negative': 1}"
Aroma Cafe Taipei é¦¨é¦™å ‚å’–å•¡ï½œAroma Village é¦¨é¦™æ‘è½ï½œåŒ—è»Šå’–å•¡å»³ ç©ºé–“ç§Ÿå€Ÿ èªè¨€äº¤æµ éŸ³æ¨‚ èª²ç¨‹ è¬›åº§ æ•™æœƒ æœ‰æ’åº§,20,4.6,"{'positive': 19, 'negative': 1}"
BAR MOOD Taipei å§æ²,20,4.55,"{'positive': 18, 'negative': 2}"
BELLINI CAFFE å°åŒ—å¾©èˆˆåº—,20,4.65,{'positive': 20}
BOBBY & FRIENDS. CAFE å·´æ¯”å’–å•¡,20,4.65,{'positive': 20}
BRUNä¸ç„¶-ä¿¡ç¾©åº—(æ·é‹å¤§å®‰ç«™),20,4.0,"{'positive': 15, 'negative': 5}"
BRUNä¸ç„¶-å®‰å’Œåº—,20,3.9,"{'positive': 14, 'negative': 6}"
Babylon Taipei,20,3.85,"{'positive': 14, 'negative': 6}"
Bah! by Ez-Meatè‚‰èˆ–é¤å»³,20,4.8,"{'positive': 18, 'negative': 2}"
Barkers,20,4.25,"{'positive': 18, 'negative': 2}"
Bencotto,20,4.4,"{'positive': 16, 'negative': 4}"
BirDiningè”¦é£¼æ–™é¤é£Ÿæ–™ç†,20,4.55,"{'positive': 18, 'negative': 2}"
Brass Hanaæ—¥å¼æ¶®æ¶®é‹,20,4.35,"{'positive': 15, 'negative': 5}"
BravoBurgerç™¼ç¦å»šæˆ¿æ°‘æ¬Šåº—,20,4.45,"{'positive': 18, 'negative': 2}"
BÃ¡nh Mi è¶Šå¼æ³•åœ‹éºµåŒ…,20,3.9,"{'positive': 15, 'negative': 5}"
CAFE ACME miniï½œTaipei 101,20,4.5,"{'positive': 18, 'negative': 2}"
CAFE LE MAHE-å¤§å®‰å€(æ–‡é’æ—©åˆé¤ï¼æ—©åˆé¤æ¨è–¦ï¼æ—©åˆé¤å’–å•¡ï¼ä¸‹åˆèŒ¶ï¼brunch),20,4.45,"{'positive': 18, 'negative': 2}"
CHOCOBearå·§å…‹ç†Šç’°å³¶é¤è»Š,20,3.4,"{'negative': 11, 'positive': 9}"
COCAæ³°å¼æµ·é®®ç«é‹ â€§ æ³°å¼æ–™ç†-èšé¤é¤å»³æ¨è–¦ï½œå•†å‹™èšé¤ï½œå°åŒ—æ±å€ï½œå¤§å®‰å€ï½œå¿ å­æ•¦åŒ–,20,4.75,"{'positive': 19, 'negative': 1}"
CURRY STAND 1983,20,4.45,"{'positive': 17, 'negative': 3}"
Cafe49 Restaurant & Bar,20,4.6,{'positive': 20}
Caffe Restoran ELITA,1,5.0,{'positive': 1}
Checkers - å‡±æ’’å¤§é£¯åº—,20,3.8,"{'positive': 13, 'negative': 7}"
Chic Thai æ³°å¼æ–°å®šé£Ÿ,39,3.871794871794872,"{'positive': 28, 'negative': 11}"
Chillken,40,4.125,"{'positive': 33, 'negative': 7}"
Coffee Naps è“æ¾„å’–å•¡æ‰‹ä½œåŠ,20,4.8,{'positive': 20}
Come See Pizza ç‰½çµ²æŠ«è–© (æ”¿å¤§åº—),20,4.65,{'positive': 20}
ConfitRÃ©mi é»‘ç±³(å¿ å­åº—),20,4.5,"{'positive': 17, 'negative': 3}"
CorkyBearå‘†å‘†ç†Šé¤å»³ï¼ˆæœ€å¾Œä¾›é¤æ™‚é–“ï¼šé–‰åº—30åˆ†é˜å‰ï¼‰,20,4.5,"{'positive': 18, 'negative': 2}"
Corner Bakery63åœ‹è³“éºµåŒ…æˆ¿,13,4.076923076923077,"{'positive': 9, 'negative': 4}"
Creative Pasta å‰µç¾©éºµ éŒ¦å·åº—,20,3.5,"{'positive': 13, 'negative': 7}"
Cui Lian Kitchen æ·¬ç…‰å»šæˆ¿,40,4.725,"{'positive': 39, 'negative': 1}"
Cï¼šæŸ’å®¶çˆç²ï¼ˆå’–å•¡/ç”œé»/ç‡‰é£¯/ç¾©å¤§åˆ©éºµï¼‰,20,4.6,"{'positive': 18, 'negative': 2}"
DA ANTONIO by éš¨æ„é³¥åœ°æ–¹ 101åº—5æ¨“,20,4.25,"{'positive': 17, 'negative': 3}"
DAILY deli & cafÃ©,12,3.6666666666666665,"{'positive': 7, 'negative': 5}"
DOUBLE SINGLE,20,4.7,"{'positive': 19, 'negative': 1}"
Danny & Companyï¼ˆç¾ç‚ºD&C Residenceæ•™çˆ¶ç‰›æ’é¤é£²ï¼‰,20,4.4,"{'positive': 15, 'negative': 5}"
Divino Taipei,20,4.4,"{'positive': 17, 'negative': 3}"
Domo De Sardegna,20,4.45,"{'positive': 17, 'negative': 3}"
Double likeé›™å€å–œæ­¡,20,4.65,"{'positive': 19, 'negative': 1}"
EMBERS,20,4.2,"{'positive': 15, 'negative': 5}"
EphernitÃ©,20,4.55,"{'positive': 17, 'negative': 3}"
Este dÃ­a é€™ä¸€å¤©ç•°åœ‹å»šæˆ¿ å¤å·´ä¸‰æ˜æ²»ï¼ˆå°åŒ—ç¸½åº—ï¼‰,40,4.525,"{'positive': 36, 'negative': 4}"
FEED ZONE CAFE é‹å‹•æ—©åˆé¤,20,4.75,"{'positive': 19, 'negative': 1}"
FlÃ¼gel Studio,40,4.7,"{'positive': 39, 'negative': 1}"
Freshgreen,20,4.9,{'positive': 20}
Futura by TPH,20,4.9,{'positive': 20}
GALERIE Bistro å®¶æ¨‚åˆ©å°é…’é¤¨,20,4.45,"{'positive': 17, 'negative': 3}"
Go! Cafâ€˜e æ—©åˆé¤,20,4.25,"{'positive': 16, 'negative': 4}"
Grand Hyatt Taipei,20,3.9,"{'positive': 13, 'negative': 7}"
Gusto Market of Taste Co. Ltd. å¥½é£Ÿå¤šæœ‰é™å…¬å¸,20,4.6,{'positive': 20}
Gustoso Italian Restaurant,20,4.8,"{'positive': 19, 'negative': 1}"
HALOA POKE å¤å¨å¤·æ‹Œé£¯ ä¸­å±±åº—,20,4.15,"{'positive': 14, 'negative': 6}"
HANNA Pasta CafÃ© ãƒ‘ã‚¹ã‚¿ ã‚«ãƒ•ã‚§,20,4.8,"{'positive': 19, 'negative': 1}"
Here cafeâ€™ ç‰›æ’ã€æµ·é®®ã€æ¼¢å ¡ã€ç‚¸é› ï¼ˆç‰›æ’ã€æµ·é®®ã€ç‚¸ç‰©ã€ä¸‹åˆèŒ¶åƒåˆ°é£½ï¼‰,20,4.7,"{'positive': 18, 'negative': 2}"
HoWine & CafÃ© çŒ´é ‘å’–å•¡@æ•¦åŒ—æ°‘ç”Ÿ,20,4.2,"{'positive': 17, 'negative': 3}"
INDO SARI JAYA,19,4.0,"{'positive': 11, 'negative': 8}"
INDULGE Taipei Drinking & Eatery,20,4.3,"{'positive': 16, 'negative': 4}"
Iâ€™m Pasta å’Œå¹³åº—,20,4.0,"{'positive': 16, 'negative': 4}"
J's Place è¼•é¬†å°é…’å§,20,4.65,"{'positive': 19, 'negative': 1}"
"J.W. Teres, the Bulgarian Restaurant",20,4.1,"{'positive': 16, 'negative': 4}"
JJ's POKE & CAFE 2å·åº—,20,4.35,"{'positive': 17, 'negative': 3}"
JJ's POKE & CAFE é®®é­šæ²™æ‹‰é£¯,60,4.55,"{'positive': 58, 'negative': 2}"
JODO é£¯ç³°å’–å•¡æ‰‹ä½œå°ˆé–€åº— å°åŒ—æ±€å·åº—,40,4.225,"{'positive': 33, 'negative': 7}"
James Joyce Irish Bar-Anhe å®‰å’Œé…’å§,20,4.65,"{'positive': 19, 'negative': 1}"
Jolly æ‰‹å·¥é‡€å•¤ é…’æ³°é£Ÿé¤å»³-è¡¡é™½åº—,20,4.45,"{'positive': 17, 'negative': 3}"
Juicy Bun Burger å°±æ˜¯æ£’ ç¾å¼é¤å»³ æ”¿å¤§åº—,20,4.55,{'positive': 20}
KATSUé‘« ç†Ÿæˆè±¬æ’è“‹é£¯ï½œä¸­å±±åº—,20,3.95,"{'positive': 14, 'negative': 6}"
KOBE SWEETS CAFE ç¥æˆ¶æœå®Ÿ å¾®é¢¨å—å±±,20,3.5,"{'positive': 13, 'negative': 7}"
Knock Knock Who's There? Bistro,20,4.95,{'positive': 20}
L' AGE ç†Ÿæˆé¤å»³,20,4.65,"{'positive': 18, 'negative': 2}"
LI RAç¾©å¤§åˆ©å»šæˆ¿,20,3.85,"{'positive': 15, 'negative': 5}"
LOCOFOOD æ¨‚å£ç¦ å¤§å®‰åŠ ç›Ÿåº—,20,4.3,"{'positive': 18, 'negative': 2}"
LULUç¾©å¤§åˆ©é¤å»³,20,4.25,"{'positive': 17, 'negative': 3}"
La cuisine Bourgeoise å¸ƒçˆ¾å–¬äº,20,4.45,"{'positive': 18, 'negative': 2}"
Lazy Pasta æ…µæ‡¶ç¾©å¼å»šæˆ¿æ–‡å±±æ”¿å¤§åº—,20,4.5,"{'positive': 18, 'negative': 2}"
Le Corneræ—©é¤/æ—©åˆé¤/å¤–é€åˆé¤ä¾¿ç•¶,20,4.5,"{'positive': 17, 'negative': 3}"
Leo's Playland æ¨‚å¹¼å±‹è¦ªå­æ´¾å°æ­¡æ¨‚åœ’,20,4.25,"{'positive': 16, 'negative': 4}"
Lisaæ³°å¼ç¾é£Ÿ,20,4.35,"{'positive': 18, 'negative': 2}"
Longtail,20,4.7,"{'positive': 19, 'negative': 1}"
Loving Hut æ„›å®¶åœ‹éš›é¤é£² å°åŒ— å’Œå¹³åº—,20,4.65,"{'positive': 19, 'negative': 1}"
M One Cafe å¤§å®‰,20,4.5,"{'positive': 18, 'negative': 2}"
MAMA'S éµé‹æ—©åˆé¤ å—äº¬åº—,20,4.75,"{'positive': 19, 'negative': 1}"
MASA ç™¾å…ƒæ‰‹å·¥å¡”å¯åº— é€šå®‰å‰µå§‹åº—,20,3.9,"{'positive': 15, 'negative': 5}"
MAiSENé‚æ³‰è±¬æ’ å°åŒ—101åº—,20,4.1,"{'positive': 15, 'negative': 5}"
MDå‰µä½œæ–™ç†ï¼ˆå°å¤§æ˜é”é¤¨ï¼‰,20,4.85,{'positive': 20}
MIXTIO ç§˜åœ°é¤å»³,20,4.7,"{'positive': 19, 'negative': 1}"
MO-MO-PARADISE å°åŒ—Neo19ç‰§å ´,20,4.45,"{'positive': 17, 'negative': 3}"
MR ENERGY èƒ½é‡å…ˆç”Ÿæ°´ç…®é¤ç›’ å°åŒ—å’Œå¹³,20,3.65,"{'positive': 12, 'negative': 8}"
MR ENERGY èƒ½é‡å…ˆç”Ÿæ°´ç…®é¤ç›’ å°åŒ—å¤§å®‰,20,3.75,"{'positive': 13, 'negative': 7}"
MUME,20,4.4,"{'positive': 16, 'negative': 4}"
MYéºµå±‹ï¼ˆè‡ªè£½è èœæ¶¼éºµ,20,4.15,"{'positive': 15, 'negative': 5}"
"Madison Taipei, a Tribute Portfolio Hotel",20,4.35,"{'positive': 17, 'negative': 3}"
Mars Coffee,20,4.4,"{'positive': 17, 'negative': 3}"
McCafÃ© å’–å•¡-å¾©èˆˆäºŒåº—,9,3.0,"{'negative': 5, 'positive': 4}"
Miss V Bakery Cafe æ•¦åŒ—åº—,20,4.7,"{'positive': 19, 'negative': 1}"
Miss V Bakery Cafe èµ¤å³°åº—,20,4.35,"{'positive': 18, 'negative': 2}"
Moon Baking studio æ¾å±±åº—,20,4.4,"{'positive': 18, 'negative': 2}"
Mr. Light è¼•é£Ÿå…ˆç”Ÿ,20,4.1,"{'positive': 14, 'negative': 6}"
Mr.Omeletæ­å§†å…ˆç”Ÿ,20,4.3,"{'positive': 16, 'negative': 4}"
MÃ¶venpick CafÃ©-è«å‡¡å½¼å°åŒ—æ°‘ç”Ÿåº—,20,4.25,"{'positive': 18, 'negative': 2}"
Nola Kitchen å°åŒ—æ—æ£®åº—(äºŒè™Ÿå··å­å£å…§ã€å–œä¾†ç™»é£¯åº—å¾Œæ–¹),20,4.1,"{'positive': 15, 'negative': 5}"
"Nomade Taipei è«¾ç‘ªé¤é…’é¤¨ ï¼ˆ12/24,25æœªæ”¯ä»˜å®šé‡‘è€…ä¸ä¿ç•™è¨‚ä½ï¼‰",20,4.45,"{'positive': 19, 'negative': 1}"
Nul Taipei æ­é™¸é¤å»³å°é…’é¤¨,20,4.25,"{'positive': 15, 'negative': 5}"
ON TAP,20,4.2,"{'positive': 16, 'negative': 4}"
Old rattan coffee è–è—¤å’–å•¡ - Taiwan,20,4.85,{'positive': 20}
OnniéŸ“é£Ÿå ‚,20,4.0,"{'positive': 16, 'negative': 4}"
Ooh Cha Cha è‡ªç„¶é£Ÿ,20,4.2,"{'positive': 16, 'negative': 4}"
Orchid Restaurant è˜­,20,4.05,"{'positive': 14, 'negative': 6}"
PAI CAFÃ‰ & BRUNCH å…«å¾·åº—,20,3.9,"{'positive': 13, 'negative': 7}"
PAUSES BURGER BAR æš«åœæ¼¢å ¡,20,4.5,"{'positive': 17, 'negative': 3}"
PICO PICO,20,4.75,"{'positive': 19, 'negative': 1}"
PIZZA HUTå¿…å‹å®¢-æ™¯ç¾å¤–é€åº—,20,4.2,"{'positive': 16, 'negative': 4}"
Pali Pali Taipei_é¤é…’é¤¨/Bistro,20,4.8,"{'positive': 19, 'negative': 1}"
Parko Parco ç‰›è‚šåŒ…ç¾©å¤§åˆ©é¤é…’é¤¨,20,4.25,"{'positive': 17, 'negative': 3}"
Pasta NO30,20,4.2,"{'positive': 16, 'negative': 4}"
Pattie-O æ¨‚ç·¹æ­ç¾å¼é¤å»³,20,4.25,"{'positive': 17, 'negative': 3}"
Petit France å°æ³•åœ‹é¤é¤¨,20,4.3,"{'positive': 17, 'negative': 3}"
Pizza Hut,20,3.2,"{'positive': 10, 'negative': 10}"
Pizza Hutå¿…å‹å®¢-å¤§å®‰å¤–é€åº—,20,3.2,"{'positive': 12, 'negative': 8}"
Placeee å ´æ‰€,20,4.9,{'positive': 20}
Popeyes Chicken å°åŒ—101åº—,20,3.9,"{'positive': 13, 'negative': 7}"
Q Burger æ–‡å±±ä¸–æ–°åº—(ç›´ç‡Ÿ),20,2.45,"{'negative': 14, 'positive': 6}"
Q Burger æ¾å±±æ°‘ç”Ÿåº—(ç›´ç‡Ÿ),20,3.35,"{'positive': 11, 'negative': 9}"
QUEEN SHOP Life Store æ–°èŠè¼”å¤§åº—,20,4.5,"{'positive': 18, 'negative': 2}"
ROYAL DAAN Restaurant,20,3.5,"{'positive': 12, 'negative': 8}"
RYO.COæ—©åˆé¤xå’–å“©,20,4.45,"{'positive': 16, 'negative': 4}"
Red Room Rendezvous ç´…æˆ¿é¤é…’é¤¨,20,4.25,"{'positive': 16, 'negative': 4}"
Restaurant A,20,4.9,{'positive': 20}
SALT&STONE å°åŒ—101é¤å»³,20,4.5,{'positive': 20}
SENS,20,4.6,"{'positive': 18, 'negative': 2}"
SMEXYéŸ³æ¨‚é¤å»³,20,4.2,"{'positive': 16, 'negative': 4}"
SOWIESO,19,3.6842105263157894,"{'positive': 12, 'negative': 7}"
SUBWAY å¤§å®‰å…¬åœ’é¤å»³åº—,20,2.95,"{'negative': 11, 'positive': 9}"
SUBWAY å¤§å®‰æ·é‹åº—,20,2.2,"{'negative': 16, 'positive': 4}"
SUBWAY å¾©èˆˆå’Œå¹³åº—,20,2.0,"{'negative': 18, 'positive': 2}"
SUBWAY æ¾å±±æ©Ÿå ´åº—,20,3.35,"{'positive': 10, 'negative': 10}"
SUCRÃ‰ BEANS Coffee Roasters,20,4.8,"{'positive': 19, 'negative': 1}"
SWENSEN'S åŒè–å¤§å®‰åº—,20,4.1,"{'positive': 16, 'negative': 4}"
Saffron 46,20,4.45,"{'positive': 17, 'negative': 3}"
Salad Den,20,4.7,"{'positive': 18, 'negative': 2}"
SantÃ© Lounge & Bar,20,4.45,"{'positive': 17, 'negative': 3}"
Second Floor è²³æ¨“ä»æ„›åº—,20,3.65,"{'positive': 11, 'negative': 9}"
Second Floor è²³æ¨“å…¬é¤¨åº—,60,4.2,"{'positive': 47, 'negative': 13}"
Second Floor è²³æ¨“å¾®é¢¨å—å±±åº—,20,4.4,"{'positive': 19, 'negative': 1}"
Second Floor è²³æ¨“å¾®é¢¨å°åŒ—è»Šç«™åº—,20,4.4,"{'positive': 18, 'negative': 2}"
Second Floor è²³æ¨“æ•¦å—åº—,20,4.7,"{'positive': 19, 'negative': 1}"
Shishlik Pita x Kebab è¥¿è¥¿é‡Œå…‹ä¸­æ±ä¸²ç‡’ï¼ˆé¤é¤¨åº—ï¼‰,40,4.1,"{'positive': 31, 'negative': 9}"
Single&Doubleï¼ˆæ–‡å±±ç‰¹è‰²éµè§€éŸ³æ¢…é…’ã€å¨å£«å¿Œï¼‰,20,4.95,{'positive': 20}
Sipping Food ç¾©å¼å»šæˆ¿,19,4.578947368421052,"{'positive': 17, 'negative': 2}"
Smith & Wollensky - Taipei,20,4.05,"{'positive': 13, 'negative': 7}"
Snail è¸ç‰›ç¾©å¤§åˆ©é¤å»³ æ•¦å—åº—,20,4.55,"{'positive': 18, 'negative': 2}"
Snail è¸ç‰›ç¾©å¤§åˆ©é¤å»³ æ°‘ç”Ÿåº—,20,4.65,{'positive': 20}
Solo Pizza Napoletana å°åŒ—åº—,20,4.35,"{'positive': 17, 'negative': 3}"
Somm - LA MAISON DU SOMMELIER,20,4.55,"{'positive': 19, 'negative': 1}"
TAMED FOX å¤§å®‰åº—,20,3.85,"{'positive': 15, 'negative': 5}"
THE DOORæ¨‚å¤š,20,4.2,"{'positive': 16, 'negative': 4}"
THE LABEL CO. ä¾¿ç•¶é¤ç›’ãƒ»é»å¿ƒè¼•é£Ÿå°ˆé–€åº—,20,4.55,"{'positive': 18, 'negative': 2}"
THE PIZZæƒ¹æŠ«è–©åƒåˆ°é£½329/379-â¤ï¸DIY PIZZAé«”é©—ğŸ•-è¼”å¤§ç¾é£Ÿ-é¤å»³,20,4.55,"{'positive': 18, 'negative': 2}"
TMJ TAIPEI ç„¡èœå–®å‰µæ„æ–™ç†ï½œå¥—é¤æå‰äºŒå¤©é è¨‚ï½œç¾©æ³•æ—¥fusionï½œå¯µç‰©å‹å–„,20,4.75,"{'positive': 19, 'negative': 1}"
Taipei8 Caffee Daan,20,3.75,"{'positive': 14, 'negative': 6}"
Taste Test è©¦è©¦å·¥ä½œå®¤ x CF,20,4.75,"{'positive': 19, 'negative': 1}"
Thai&Thai æ³°å¼é¤å»³,20,4.75,{'positive': 20}
The Antipodean (å¯ŒéŒ¦åº—),20,4.4,"{'positive': 18, 'negative': 2}"
The Green Room æ³°å¼è”¬é£Ÿ,20,3.65,"{'positive': 11, 'negative': 9}"
The Public House,20,4.55,"{'positive': 19, 'negative': 1}"
The Shed,20,4.7,{'positive': 20}
The Stage Canteen,20,4.75,"{'positive': 19, 'negative': 1}"
The Tavernist,20,4.35,"{'positive': 16, 'negative': 4}"
The Ukai Taipei,20,4.5,"{'positive': 18, 'negative': 2}"
Tipsy Dreamer è¿½å¤¢äºº,17,4.352941176470588,"{'positive': 14, 'negative': 3}"
Toh-A æ¡Œè—é¤å»³,20,3.55,"{'positive': 12, 'negative': 8}"
UMAMI é‡‘è‰²ä¸‰éº¥,20,4.0,"{'positive': 15, 'negative': 5}"
Uncle Burger æ¼¢å ¡å”å”,20,4.6,"{'positive': 18, 'negative': 2}"
Uranium Cafe éˆ¾å’–å•¡é¤é…’é¤¨,20,4.6,"{'positive': 17, 'negative': 3}"
VEGAN AMORE è”¬æ…•,20,4.75,"{'positive': 19, 'negative': 1}"
VEGE CREEK è”¬æ²³ å°åŒ—101åº—,20,4.15,"{'positive': 15, 'negative': 5}"
WOWffizi Cafe&Bistro çƒè²èŒ²é¤é…’é¤¨ | ç¾©å¤§åˆ©éºµ | ç‡‰é£¯ | ä¸­å±±ç«™ç¾é£Ÿ | ä¸éª¨ç‰›æ’ | ç¾©å¤§åˆ©ç”œé» | ç²¾é‡€å•¤é…’ | è‘¡è„é…’ | å¨å£«å¿Œ,20,4.9,{'positive': 20}
Will's Teppanyaki (ä¸‰åº—ï¼‰,8,4.875,{'positive': 8}
Willâ€™s Teppanyaki,20,3.8,"{'positive': 12, 'negative': 8}"
Woolloomooloo,20,4.2,"{'positive': 16, 'negative': 4}"
Woolloomooloo Fujin,20,4.15,"{'positive': 15, 'negative': 5}"
YABI KITCHEN å¾®é¢¨å—å±±åº—,20,3.85,"{'positive': 13, 'negative': 7}"
YAYOIå½Œç”Ÿè»’ æ•¦å—å’Œå¹³åº—,20,3.95,"{'positive': 15, 'negative': 5}"
YU POKÃ‰-å¤å¨å¤·ç”Ÿé­šé£¯,40,3.875,"{'positive': 29, 'negative': 11}"
Yellow Monday Coffee & Croffle æ°‘ç”Ÿåº—ï½œç¾çƒ¤å¯é Œé¬†é¤…ã€ç²¾å“å’–å•¡ã€å¤–é€ä¸‹åˆèŒ¶,20,4.65,"{'positive': 19, 'negative': 1}"
ZAC ZAG ä¸€æ¨‚ç‚¸é› ï½œ KOREAN CHICKEN å¿…åƒéŸ“å¼ç‚¸é› æ¼¢å ¡ å¥¶æ˜” æ¨è–¦ç¾é£Ÿ,20,4.35,"{'positive': 18, 'negative': 2}"
ZOOM å’–å•¡,16,5.0,{'positive': 16}
Zoo KeepeR,20,4.9,{'positive': 20}
bb.q CHICKENå…¬é¤¨åº—,40,3.675,"{'positive': 27, 'negative': 13}"
chinois,20,4.15,"{'positive': 15, 'negative': 5}"
de nuit,20,4.5,"{'positive': 18, 'negative': 2}"
gubami Social,20,4.3,"{'positive': 16, 'negative': 4}"
hÃ³mee KITCHEN å¥½é¥—å»šæˆ¿-æ¾å±±æ©Ÿå ´,20,4.25,"{'positive': 16, 'negative': 4}"
ivette Da An,20,4.15,"{'positive': 15, 'negative': 5}"
passer,20,4.75,{'positive': 20}
solo pasta,20,4.1,"{'positive': 15, 'negative': 5}"
uMeal å„ªå–„ç³§ï½œé£Ÿç‰©æ¨‚é«˜é ˜å°å“ç‰Œï½œå°å¤§æ°´æºåº—,40,3.825,"{'positive': 28, 'negative': 12}"
uMeal å„ªå–„ç³§ï½œé£Ÿç‰©æ¨‚é«˜é ˜å°å“ç‰Œï½œæ¾å±±æ©Ÿå ´åº—,20,3.75,"{'positive': 13, 'negative': 7}"
ÃLE å³¶å¶¼é¤å»³,20,3.85,"{'positive': 13, 'negative': 7}"
ã€å°åŒ—å›æ‚…é…’åº—ã€‘Bel Air å¯¶è‰¾è¥¿é¤å»³,20,4.9,{'positive': 20}
ã€å°åŒ—å›æ‚…é…’åº—ã€‘Cheers æ­¡é£²å»Š,20,4.15,"{'positive': 16, 'negative': 4}"
ã€å°åŒ—å›æ‚…é…’åº—ã€‘ZIGA ZAGA ç¾©å¤§åˆ©é¤å»³,20,3.75,"{'positive': 14, 'negative': 6}"
ã€å°åŒ—å›æ‚…é…’åº—ã€‘å‡±è²å±‹ CafÃ©,20,4.1,"{'positive': 16, 'negative': 4}"
ã€å°åŒ—å›æ‚…é…’åº—ã€‘å½©æ—¥æœ¬æ–™ç† Irodori,20,3.95,"{'positive': 15, 'negative': 5}"
ã€å°åŒ—å›æ‚…é…’åº—ã€‘æ¼‚äº®å»£å¼æµ·é®®é¤å»³ Pearl Liang,20,4.45,"{'positive': 18, 'negative': 2}"
ã€å°åŒ—å›æ‚…é…’åº—ã€‘èŒ¶è‹‘ Cha Lounge,20,4.65,"{'positive': 19, 'negative': 1}"
ã€å°åŒ—å›æ‚…é…’åº—ã€‘é›²éŒ¦ä¸­é¤å»³ Yun Jin,20,4.4,"{'positive': 17, 'negative': 3}"
ã€è…¹éŸ¿åœ“ä¸Šæµ·é£Ÿåºœã€‘äºå¤ªåå¤§åå»šï½œé ‚ç´šæ±Ÿæµ™æ–™ç†ï½œä¸Šæµ·åèœ (æ¨è–¦ å…¬é¤¨å•†åœˆ å°å¤§é™„è¿‘ æ·é‹ç«™ç¾é£Ÿ é¤å»³),40,4.45,"{'positive': 33, 'negative': 7}"
ã™ãå®¶ SUKIYA åŒ—è»ŠKå€åº—,20,2.65,"{'negative': 12, 'positive': 8}"
ã™ãå®¶å¤§å®‰,20,2.5,"{'negative': 13, 'positive': 7}"
ã™ãå®¶æ—æ£®å—è·¯,20,2.35,"{'negative': 14, 'positive': 6}"
ã‚¹ã‚·ãƒ­ãƒ¼å£½å¸éƒ å°åŒ—å…¬é¤¨åº—,40,4.225,"{'positive': 33, 'negative': 7}"
ä¸€å£å…¥é­‚é›ç™½æ¹¯æ‹‰éºµ,20,4.45,"{'positive': 17, 'negative': 3}"
ä¸€å“é¦™ä¾¿ç•¶,20,4.6,"{'positive': 19, 'negative': 1}"
ä¸€ç•ªåœ°å£½å–œç‡’ é–‹å°åº—,20,4.5,"{'positive': 18, 'negative': 2}"
ä¸€éšå ‚æ‹‰éºµ å¤§å®‰åº—,20,4.0,"{'positive': 15, 'negative': 5}"
ä¸‰äº•æ—¥å¼æ–™ç†,20,3.95,"{'positive': 15, 'negative': 5}"
ä¸‰å€‹å‚»ç“œå°åº¦è”¬é£Ÿå—äº¬åº—,20,4.45,"{'positive': 18, 'negative': 2}"
ä¸‰å…ƒè™Ÿé­¯è‚‰é£¯,20,4.15,"{'positive': 16, 'negative': 4}"
ä¸‰å‹æ‹‰éºµ(æ°‘ç”Ÿåº—),20,4.35,"{'positive': 17, 'negative': 3}"
ä¸‰å•†å·§ç¦ æ•¦åŒ—é–€å¸‚,20,3.35,"{'positive': 12, 'negative': 8}"
ä¸‰æ™‚åˆå’–å“©å±‹,40,4.25,"{'positive': 34, 'negative': 6}"
ä¸‰æ¢è˜­å·ç‰›è‚‰æ‹‰éºµ Three Spirit Noodles House,20,4.25,"{'positive': 16, 'negative': 4}"
ä¸‰è€æ‘,20,3.5,"{'positive': 12, 'negative': 8}"
ä¸Šå¼•æ°´ç”¢,20,4.0,"{'positive': 15, 'negative': 5}"
ä¸Šæµ·å®´,20,4.7,"{'positive': 19, 'negative': 1}"
ä¸Šæµ·æ¥µå“è»’é¤å»³(ç…‰çå ‚),20,4.25,"{'positive': 15, 'negative': 5}"
ä¸Šæµ·é†‰æœˆæ¨“ - å°åŒ—é æ±é¦™æ ¼é‡Œæ‹‰,20,4.5,"{'positive': 18, 'negative': 2}"
ä¸Šè†³è‹¥å·,20,4.6,"{'positive': 18, 'negative': 2}"
ä¸˜ä¸€å¸æ—©åˆé¤å¤§å®‰|ç‰¹è‰²åå¸|é…¥çš®è›‹é¤…|é«˜è›‹ç™½é¤,20,4.4,"{'positive': 17, 'negative': 3}"
ä¸­å³¶æ°´ç”¢(å°åŒ—101åº—),9,4.333333333333333,"{'positive': 7, 'negative': 2}"
ä¸¹å°¼é…’çª– - Danny Wine Collection,14,4.428571428571429,"{'positive': 12, 'negative': 2}"
ä¸¼å£½å¸,40,4.55,"{'positive': 36, 'negative': 4}"
ä¹å°¾ æ—¥å¼ä¸²ç‡’å±…é…’å±‹ (1/22å·²çµæŸï¼Œè¦æ¬å®¶å•¦!),19,4.7894736842105265,"{'positive': 18, 'negative': 1}"
ä¹æœˆèŒ¶é¤å»³,20,4.55,"{'positive': 17, 'negative': 3}"
äºŒæœ¬æ¾æ¶®æ¶®å±‹ æœ¬é¤¨,20,4.85,"{'positive': 19, 'negative': 1}"
äº”ä¹‹ç¥è£½ä½œæ‰€ å°ç£,20,4.0,"{'positive': 14, 'negative': 6}"
äº”ä¹éºµé¤¨,20,4.2,"{'positive': 15, 'negative': 5}"
äº”ä¹éºµé¤¨ï¼ˆå…¬é¤¨åº—ï¼‰,40,4.125,"{'positive': 29, 'negative': 11}"
äº”æœˆé›ªå®¢å®¶ç§æˆ¿çé‡€,20,4.45,"{'positive': 18, 'negative': 2}"
äº”ç‡ˆç å°åŒ—åº—,20,3.1,"{'negative': 13, 'positive': 7}"
äº¬å…¸è¶Šå—ç¾é£Ÿ,20,3.85,"{'positive': 15, 'negative': 5}"
äº¬ç‚™éµæ¿ç‡’,20,4.7,{'positive': 20}
äº¬é˜ªè±šéª¨æ‹‰éºµ,40,4.525,"{'positive': 36, 'negative': 4}"
äº¬é¼å°é¤¨,20,4.0,"{'positive': 15, 'negative': 5}"
äººä»ä¼— å°åŒ—å…¬é¤¨åº—,40,3.7,"{'positive': 25, 'negative': 15}"
äººä»ä¼—åšåˆ‡ç‰›æ’(å°åŒ—å¾©èˆˆåº—),20,3.4,"{'positive': 12, 'negative': 8}"
ä»é‡Œå±…,20,4.35,"{'positive': 18, 'negative': 2}"
ä½ä½§ç¾©å¼çª¯çƒ¤æŠ«è–©å±‹,20,4.75,{'positive': 20}
ä½•å¹³å°é¤¨ï¼ˆè·èå°é¤¨ï¼‰,20,3.6,"{'positive': 12, 'negative': 8}"
ä½›å…‰å±±ç´«ç«¹æ—æ»´æ°´åŠ,20,4.35,"{'positive': 18, 'negative': 2}"
ä½¬çª©å¥½æ¹¯é¤Šç”Ÿé¤å»³,20,2.4,"{'negative': 14, 'positive': 6}"
ä½³è³€æ´‹è¡Œè¸é…’å°ˆè³£åº—ä¿¡ç¾©åº—-å¤§æ‘©/éº¥å¡å€«/è˜‡æ ¼ç™»/æ ¼è˜­åˆ©å¨/å±±å´,20,4.6,"{'positive': 18, 'negative': 2}"
ä½³é½¡é»‘è±¬è‚‰æ‰‹å·¥æ°´é¤ƒ,1,4.0,{'positive': 1}
ä¾†è³“ å°åº¦é¤å»³å’Œé…’å§,20,4.8,"{'positive': 19, 'negative': 1}"
ä¾¿ç•¶äººå°åŒ—å¤§å®‰åº— I`M BENTO,20,3.6,"{'positive': 12, 'negative': 8}"
ä¿„ç¾…æ–¯åŸå ¡,40,4.325,"{'positive': 34, 'negative': 6}"
å¥åº·æ»¿æº¢å»šæˆ¿,20,3.15,"{'negative': 10, 'positive': 10}"
å·é£¯è³Š é ç™¾ä¿¡ç¾©A13åº—,20,3.8,"{'positive': 14, 'negative': 6}"
å‚·å¿ƒé…’åº—HEARTBREAK CLUB,20,4.7,"{'positive': 18, 'negative': 2}"
å„‚ç‰¹åˆ©LONTALAE-ä»æ„›åº—,20,4.15,"{'positive': 16, 'negative': 4}"
å„ªå…ˆä¸²çƒ¤å°åŒ—å¤§å®‰å¾©èˆˆå—åº—,19,4.526315789473684,"{'positive': 17, 'negative': 2}"
å„ªå¡è¼•é£Ÿ You Can Fresh å—æ£Ÿå“¡å·¥é¤å»³ï½œæ­¤ç‚ºå“¡å·¥é¤å»³ï¼Œéæœ¬æ£Ÿäººå“¡åƒ…ä¾›ä¼æ¥­è¨‚å–®å¤–é€ï½œ,20,4.6,"{'positive': 19, 'negative': 1}"
å…ƒå‘³æ–™ç†,20,4.95,{'positive': 20}
å…ƒæ°£å®¶æ—éºµé£¯é¤¨(å¤§å®‰åº—)ï½œå‚³çµ±å°åƒï½œé¤å»³ï½œæ¨è–¦ï½œå°ç£ç¾é£Ÿï½œå­¸ç”Ÿèšé¤ï½œå¹³åƒ¹ï½œå°åƒï½œéºµåº—ï½œå¤§å®‰æ·é‹ç¾é£Ÿ,20,4.15,"{'positive': 17, 'negative': 3}"
å…ƒçé£Ÿå ‚,20,4.35,"{'positive': 15, 'negative': 5}"
å…‰ä¸€è‚†è™Ÿ,40,4.35,"{'positive': 33, 'negative': 7}"
å…‰å¸DATE ç¾©å¤§åˆ©éºµ å¤§å®‰åº—,20,4.2,"{'positive': 16, 'negative': 4}"
å…‰åœ°â€¢ãƒ’ã‚«ãƒªãƒ(æ—©åˆé¤/æ‰‹ä½œ/ä¸‰æ˜æ²»/è›‹é¤…/ä¸‹åˆèŒ¶ç”œé»/å’–å•¡/ç¾©å¤§åˆ©éºµï¼‰,20,4.8,{'positive': 20}
å…‰å¾©ç‰›è‚‰éºµãƒ»å¤§å®‰æ·é‹ç«™,20,4.05,"{'positive': 16, 'negative': 4}"
å…¨åœ‹å¥åº·ç´ é£Ÿ å¤§å®‰å¿ å­åº—,20,3.05,"{'negative': 11, 'positive': 9}"
å…¨åœ‹é£Ÿé¤Šå¥åº·ç´ é£Ÿè‡ªåŠ©é¤ å¤§å®‰å¾©èˆˆåº—,20,3.7,"{'positive': 14, 'negative': 6}"
å…¨å®¶ä¾¿åˆ©å•†åº— èŠ³èˆˆåº—,9,5.0,{'positive': 9}
å…«æ–¹é›²é›† å¤§å®‰äºŒåº—,20,2.55,"{'negative': 13, 'positive': 7}"
å…«æ–¹é›²é›†-æ•¦åŒ–åŒ—åº—,20,2.75,"{'negative': 12, 'positive': 8}"
å…«è‰²çƒ¤è‚‰mini å°åŒ—101åº—,20,3.1,"{'negative': 11, 'positive': 9}"
å…¬é¤¨,40,4.5,"{'positive': 38, 'negative': 2}"
å…¬é¤¨-å’–å“©å…ˆç”Ÿ,40,4.65,"{'positive': 36, 'negative': 4}"
å…¬é¤¨å•†åœˆ,40,4.4,"{'positive': 35, 'negative': 5}"
å…¬é¤¨æ¸…è’¸è‚‰åœ“,40,4.25,"{'positive': 34, 'negative': 6}"
å…¬é¤¨è–ªåƒ‘åœ’æ°´æºå©šå®´æœƒé¤¨,60,4.183333333333334,"{'positive': 52, 'negative': 8}"
å…¬é¤¨é£Ÿå ‚,40,4.35,"{'positive': 34, 'negative': 6}"
å…­å»šå·å®¢æ–™ç†,20,4.3,"{'positive': 17, 'negative': 3}"
å…­æ˜Ÿä¾¿ç•¶ æ¾å±±æ°‘æ¬Šåº—(æ—¥ç…§ä¸­å¿ƒä¾¿ç•¶) (æœˆçµä¾¿ç•¶)(æœƒè­°ä¾¿ç•¶)(åœ˜è†³ä¾¿ç•¶),20,2.95,"{'negative': 10, 'positive': 10}"
å…¸è—å’–å•¡ - åŒ—æ•™å¤§åº—,20,3.65,"{'positive': 12, 'negative': 8}"
å† äº¬è¯,20,4.4,"{'positive': 18, 'negative': 2}"
å†°ç³–èŒ¶åº—,20,2.95,"{'positive': 10, 'negative': 10}"
å‡±æ—éµæ¿ç‡’ å°åŒ—101åº—,20,4.0,"{'positive': 17, 'negative': 3}"
åˆæ°‘-é…¸èœé­š ä¿¡ç¾©åº—,20,4.1,"{'positive': 15, 'negative': 5}"
åˆèƒ–éµæ¿åå¸-æ–°èŠè¼”å¤§åº—,20,4.65,"{'positive': 19, 'negative': 1}"
åˆé­š é‰„æ¿æ–™äº­-æ°‘ç”Ÿåº—,20,4.7,{'positive': 20}
åˆ©ä¼‘æ—¥æœ¬æ–™ç† (Rikyu Sushi & Kappo),20,4.2,"{'positive': 17, 'negative': 3}"
åŠ‰å®¶æ°´ç…åŒ…,20,3.4,"{'negative': 13, 'positive': 7}"
åŠ‰å®¶æ¶¼éºµ-514è¼”å¤§åº—,20,4.7,"{'positive': 19, 'negative': 1}"
åŠ‰å®¶é£¯ç³°,20,3.95,"{'positive': 16, 'negative': 4}"
åŠ‰å±±æ±å°åƒåº—,20,4.45,"{'positive': 18, 'negative': 2}"
åŠ åˆ†100%æµœä¸­ç‰¹é¸æ˜†å¸ƒé‹ç‰© å¿ å­åº—,20,4.7,{'positive': 20}
å‹ç‰›è‚‰éºµé¤¨,20,4.15,"{'positive': 15, 'negative': 5}"
å‹åšæ®¿ åŠå—åº—,20,4.45,"{'positive': 18, 'negative': 2}"
åŒ…ä»”çš„åº—,20,3.65,"{'positive': 13, 'negative': 7}"
åŒ—ä¸ƒå°å»šæˆ¿ï½œé›è…¿æ’ä¸¼é£¯å°ˆé–€åº—,17,4.529411764705882,"{'positive': 15, 'negative': 2}"
åŒ—åŒ—è»Šé­¯è‚‰é£¯,20,3.85,"{'positive': 12, 'negative': 8}"
åŒ—å¹³åŒæ…¶æ¨“,20,4.3,"{'positive': 17, 'negative': 3}"
åŒ—å¹³ç¨»é¦™æ‘ä¸»å»šæ–™ç†/Jasonå»šæˆ¿,20,4.0,"{'positive': 15, 'negative': 5}"
åŒ—æ£² é‚¸å®¶ North House - |è¯å±±å¿…åƒç¾é£Ÿ|å¿ å­æ–°ç”Ÿå¿…åƒç¾é£Ÿ|å°å¼å®šé£Ÿ|å°ç£å¿…åƒç¾é£Ÿ|è¯å±±é¤é…’é¤¨,20,3.75,"{'positive': 12, 'negative': 8}"
åŒ æ¨‚å‰²çƒ¹å£½å¸,20,4.85,"{'positive': 19, 'negative': 1}"
åŒ è¨˜æ—¥å¼é£Ÿå ‚,20,3.35,"{'positive': 11, 'negative': 9}"
åä¸‰å·æ—¥æœ¬æ‹‰éºµå®šé£Ÿ å…¬åœ’åº—,20,3.85,"{'positive': 14, 'negative': 6}"
åä¸‰å·æ—¥æœ¬æ‹‰éºµå®šé£Ÿ å¤§å®‰åº—,20,3.9,"{'positive': 16, 'negative': 4}"
åƒå±¤å§,20,4.75,{'positive': 20}
åƒè¢æ—©é¤åº—,20,4.8,{'positive': 20}
å¡å¸›ç´ é£Ÿçƒ˜åŸ¹â€§ç¾©å¼å»šæˆ¿â€§æ¸¯å¼é¤é» ç¸½åº—,20,4.3,"{'positive': 17, 'negative': 3}"
å¡è¿ªæ—©åˆé¤,20,3.9,"{'positive': 15, 'negative': 5}"
å°åŠ åª½åª½ç§˜é­¯é¤é¤¨,20,4.3,"{'positive': 17, 'negative': 3}"
åŸä¸¼åŠ›,20,3.25,"{'negative': 11, 'positive': 9}"
åƒæ‹¾å°‹å‘³,11,4.181818181818182,"{'positive': 9, 'negative': 2}"
å¤ä½›ç´ é£Ÿé¤¨,20,4.8,{'positive': 20}
å¯å£æ‰‹å·¥åŒ…å­é¥…é ­,20,3.5,"{'positive': 12, 'negative': 8}"
å°åŒ—å–œä¾†ç™»å¤§é£¯åº—ï¼SUKHOTHAIæ³°å¼é¤å»³,20,4.2,"{'positive': 15, 'negative': 5}"
å°åŒ—å–œä¾†ç™»å¤§é£¯åº—ï¼å®‰æ±å»³ Antoine Room,20,4.55,"{'positive': 19, 'negative': 1}"
å°åŒ—å–œä¾†ç™»å¤§é£¯åº—ï¼æ¯”è–©å±‹ Pizza Pub,20,4.25,"{'positive': 18, 'negative': 2}"
å°åŒ—å–œä¾†ç™»å¤§é£¯åº—ï¼è«‹å®¢æ¨“ The Guest House,20,4.45,"{'positive': 17, 'negative': 3}"
å°åŒ—å–œä¾†ç™»å¤§é£¯åº—ï¼è¾°åœ’ The Dragon,20,4.65,{'positive': 20}
å°åŒ—ç¦è¯å¤§é£¯åº—,20,4.7,"{'positive': 19, 'negative': 1}"
å°åŒ—ç«™ç¦åˆ©é¤å»³,20,4.7,{'positive': 20}
å°åŒ—é æ±é¦™æ ¼é‡Œæ‹‰,20,4.1,"{'positive': 16, 'negative': 4}"
å°ç£å¤æ—©å‘³å°åƒåº—,8,3.125,"{'positive': 5, 'negative': 3}"
å°ç£é¹½é…¥é› å¤§ç›´å‰µå§‹ç¸½åº— - Taiwanese Popcorn Fried Chicken King (Dazhi Restaurant ),20,2.75,"{'negative': 13, 'positive': 7}"
å°ç™¼åˆ‡ä»”éºµ,20,4.1,"{'positive': 16, 'negative': 4}"
åƒä½ è±†è… éŸ“å¼æ¹¯é£¯åº—,20,4.15,"{'positive': 17, 'negative': 3}"
å‰å¤©å…ƒæ‹‰éºµï¼ˆå…¬é¤¨åº—ï¼‰,40,4.4,"{'positive': 34, 'negative': 6}"
å‰æ¯”é®®é‡€é¤å»³ - å°åŒ—æ•¦åŒ—åº— GBA Brewery Restaurant - Taipei Dunbei Store,20,4.3,"{'positive': 16, 'negative': 4}"
å‰ç¥¥ä¾¿ç•¶åº—,20,4.9,{'positive': 20}
å‰ç±³æ¨‚ç‹— Jimmy's Hotdog Club,20,4.55,{'positive': 20}
å‰è±šå±‹ é¤¨å‰åº—,20,4.1,"{'positive': 16, 'negative': 4}"
å‰è±šå±‹åŒ—è»Šåº—,20,4.3,"{'positive': 15, 'negative': 5}"
å‰é‡å®¶ å¤§å®‰åº—,20,2.15,"{'negative': 17, 'positive': 3}"
å‰é£½æ—©é¤-è¼”å¤§åº—,20,3.95,"{'positive': 15, 'negative': 5}"
åå»šéµæ¿ç‡’,20,4.15,"{'positive': 16, 'negative': 4}"
åå¸åˆ©äº æ°¸åº·åº—,20,4.45,"{'positive': 17, 'negative': 3}"
å›æ‚…æ’éª¨è¡¡é™½åº—,20,3.3,"{'negative': 12, 'positive': 8}"
å‘ˆä¿¡éµè‚‰ ç§‘æŠ€å¤§æ¨“åº—,20,3.3,"{'negative': 11, 'positive': 9}"
å‘¨è¨˜åˆ‡ä»”éºµ,20,4.5,"{'positive': 18, 'negative': 2}"
å‘³è‡ªæ…¢,20,4.6,{'positive': 20}
å‘·éºµé£¯é¤¨,20,3.25,"{'negative': 11, 'positive': 9}"
å‘¼åš•å°é…’é¤¨ Purrson Bistro,20,4.3,"{'positive': 17, 'negative': 3}"
å’Œå¹³é£Ÿå…‰ æ—©åˆé¤ Coffee&Brunch,20,4.1,"{'positive': 15, 'negative': 5}"
å’Œç‰›47ï¼ä¹¾æ¯é›†åœ˜ ç‡’è‚‰æ‡·çŸ³å“ç‰Œ,20,4.65,"{'positive': 17, 'negative': 3}"
å“ç”°ç‰§å ´ å°åŒ—æ¾å±±è»Šç«™åº—,20,4.2,"{'positive': 17, 'negative': 3}"
å“é±»æµ·é®®ç†±ç‚’åº—,20,3.35,"{'negative': 10, 'positive': 10}"
å•¾å“‡å˜¿å–² l å¤§å®‰å€ l å¤§å®‰ç«™ l éŸ“å¼ l çƒ¤è‚‰ l ç‡’çƒ¤ l ç‚¸é› l æ–™ç† l é¤å»³,20,4.35,"{'positive': 17, 'negative': 3}"
å–«å°¤å¹³åƒ¹éµæ¿ç‡’ - å…¬é¤¨åº—,40,3.6,"{'positive': 25, 'negative': 15}"
å–¬åœ’å››åº—,20,3.25,"{'positive': 11, 'negative': 9}"
å˜‰å¸¸èœ,20,4.85,{'positive': 20}
å˜‰ç¾©æ—è°æ˜æ²™é‹é­šé ­ Taipei 101åº—,20,3.1,"{'negative': 12, 'positive': 8}"
å››å“¥çš„åº—,20,4.8,"{'positive': 19, 'negative': 1}"
å››å–œé£Ÿå“è¡Œ(å››å–œå®¶é„‰ç²½),20,4.5,"{'positive': 17, 'negative': 3}"
å››å·é£¯é¤¨,20,4.25,"{'positive': 17, 'negative': 3}"
å››æµ·è±†æ¼¿å¤§ç‹,40,3.95,"{'positive': 31, 'negative': 9}"
å››ç¶­å’–å•¡å•†è™ŸCafe4way æ°‘ç”Ÿç¤¾å€å’–å•¡/å°åº¦å’–å“©/ç¾é£Ÿ/ç”œé»,20,4.55,"{'positive': 17, 'negative': 3}"
å››é¢å…«æ–¹,20,4.1,"{'positive': 16, 'negative': 4}"
åœ‹è³“ä¸­é¤å»³,20,4.3,"{'positive': 17, 'negative': 3}"
åœ“åœ“å°ç± æ¹¯åŒ…,20,3.75,"{'positive': 13, 'negative': 7}"
åœ“ç’°è‚‰ç¾¹,20,3.15,"{'negative': 13, 'positive': 7}"
åœ°ä¸­æµ·é¤é…’é¤¨ ABV Bar & Kitchen å°åŒ—å…‰å¾©åº—,20,4.75,"{'positive': 19, 'negative': 1}"
åŸä¸­è€ç‰Œç‰›è‚‰æ‹‰éºµå¤§ç‹,20,3.95,"{'positive': 14, 'negative': 6}"
å¡Šé›å¸«é£Ÿå‹™æ‰€ Achicken Firm,40,4.6,"{'positive': 39, 'negative': 1}"
å¡©ç‰,20,4.35,"{'positive': 17, 'negative': 3}"
å¢¨æ´‹æ‹‰éºµ,40,4.35,"{'positive': 35, 'negative': 5}"
å¢¨è³æ–°éµæ¿æ–™ç†(å¿ å­æ•¦åŒ–åº—),20,4.7,"{'positive': 19, 'negative': 1}"
å£¹ä¸‰æ‰¾é¤,20,3.9,"{'positive': 15, 'negative': 5}"
å£½å¸å®¶sushiya,20,4.4,"{'positive': 18, 'negative': 2}"
å¤æ…•å°¼æ–°é¦™æ¦­éµæ¿ç‡’ å°åŒ—ä¸­å±±åŒ—åº—,20,4.35,"{'positive': 17, 'negative': 3}"
å¤ç¶ æ²ç§æˆ¿ç¾©å¤§åˆ©éºµç‡‰é£¯ ç”œé»ä¸‹åˆèŒ¶ èšé¤å°é…Œ å¤–å¸¶å¤–é€ åŸå¤ç¶ è’‚å°ç§å»š å¯µç‰©å‹å–„ ä¸­å±±åœ‹ä¸­æ¾å±±æ©Ÿå ´é™„è¿‘ç¾é£Ÿ Summer Green Pasta Spaghetti Risotto Bistro Restaurans å°åŒ—ã®æ–™ç† íƒ€ì´ë² ì´ ìš”ë¦¬,20,4.7,"{'positive': 19, 'negative': 1}"
å¤§ä¸‰å…ƒé…’æ¨“,20,4.35,"{'positive': 16, 'negative': 4}"
å¤§å’Œæ—¥æœ¬æ–™ç†,20,4.35,"{'positive': 18, 'negative': 2}"
å¤§å®‰,20,4.4,"{'positive': 18, 'negative': 2}"
å¤§å®‰æ£®æ—å…¬åœ’,20,4.75,"{'positive': 18, 'negative': 2}"
å¤§å®‰æ£®æ—é£Ÿå ‚,20,2.95,"{'negative': 11, 'positive': 9}"
å¤§å®‰ç«™é‚£é‚Š ç²¾ç·»ç†±ç‚’,20,4.0,"{'positive': 16, 'negative': 4}"
å¤§å®‰è¦ä»è’¸é¤ƒç…é¤ƒ,20,3.9,"{'positive': 15, 'negative': 5}"
å¤§å·¨æ˜Ÿæ¸¯å¼é£²èŒ¶é¤é…’é¤¨ é æ±Garden Cityå¤§å·¨è›‹åº—,20,3.2,"{'positive': 10, 'negative': 10}"
å¤§æˆ¶å±‹å¤§å®‰åº—,20,4.05,"{'positive': 15, 'negative': 5}"
å¤§æ‹‡æŒ‡éµæ¿ç†±ç‚’,20,2.7,"{'negative': 11, 'positive': 9}"
å¤§æµè‡¼ à¸ªà¹‰à¸¡à¸•à¹à¸²à¸„à¸£à¸à¸¢à¸±à¸à¸©à¹Œ,40,4.4,"{'positive': 35, 'negative': 5}"
å¤§æ¨¹ç¾©éºµåŠ-2026å¹³åƒ¹æ’éšŠç¾é£Ÿ å°åŒ—ä¸­æ­£ç¾©å¤§åˆ©éºµ ç„—çƒ¤ å•†æ¥­åˆé¤ å¤–é€æ¨è–¦ ç†±é–€ç¾©å¼æ–™ç†é¤å»³ è¨‚ä½æ¨è–¦ åœ˜é«”å­¸æ ¡å®‰è¦ªç­è¨‚é¤å¤–é€ èšé¤åŒ…å ´ è‡ºå¤§é†«é™¢ ä¸­æ­£ç´€å¿µå ‚é™„è¿‘ç¾é£Ÿ PTT Dcard,20,4.35,"{'positive': 18, 'negative': 2}"
å¤§çƒ¹å°é¥Œï½œç²¾ç·»å°å®¢ä¸­å¼æ–™ç†-å¤§åŒå¿…åƒé¤å»³|å¿…åƒç†±ç‚’|äººæ°£ç†±ç‚’|å°èœé¤å»³|ç†±ç‚’æ¨è–¦|åœ¨åœ°æ¨è–¦é¤å»³,20,4.7,"{'positive': 18, 'negative': 2}"
å¤§ç››è±¬æ’å°ˆé–€åº—ï¼ˆç„¡æä¾›è¨‚ä½ï¼‰,40,4.05,"{'positive': 32, 'negative': 8}"
å¤§ç›´å°é¤¨,20,4.4,"{'positive': 18, 'negative': 2}"
å¤§ç›´é…·é¦¬å»šæˆ¿Kuma Kitchen,20,4.85,{'positive': 20}
å¤§ç¢—å…¬ç‰›è‚‰éºµ,20,4.2,"{'positive': 16, 'negative': 4}"
å¤§èˆˆéš†ç‡’è‡˜ç²µèœ,20,3.55,"{'positive': 12, 'negative': 8}"
å¤§é™¢å­,20,4.2,"{'positive': 16, 'negative': 4}"
å¤§éš»ä½¬ é£Ÿå ‚,20,3.75,"{'positive': 13, 'negative': 7}"
å¤©ä¸‹ä¸‰çµ•éºµé£Ÿé¤¨,20,4.1,"{'positive': 14, 'negative': 6}"
å¤©æ´¥è”¥æŠ“é¤…,20,3.5,"{'positive': 11, 'negative': 9}"
å¤©è³œè‰¯ç·£å¤§é£¯åº—,20,4.95,{'positive': 20}
å¤©è¾£éº»è¾£ç«é‹(é¾æ±Ÿ),20,4.4,"{'positive': 18, 'negative': 2}"
å¤ªæœ—-æ²–ç¹©é£¯ç³°ãƒãƒ¼ã‚¯ãŸã¾ã”å°‚é–€åº—ï¼ˆå¤§å®‰åº—ï¼‰,20,4.7,"{'positive': 18, 'negative': 2}"
å¤ªé™½è•ƒèŒ„æ‹‰éºµ ç«™å‰æœ¬åº—,20,4.7,{'positive': 20}
å¤«å¦»éŸ“å¼é¤å»³,20,4.05,"{'positive': 16, 'negative': 4}"
å¤¯éºµåŠè¼”å¤§åº—,20,3.6,"{'positive': 13, 'negative': 7}"
å¥ªæ„›Dazzle Indian cuisine,20,4.15,"{'positive': 16, 'negative': 4}"
å¥½å…¬é“é‡‘é›åœ’,20,3.85,"{'positive': 14, 'negative': 6}"
å¥½å‘·æ‹‰éºµ ç”œå“åƒåˆ°é£½(å…¬é¤¨) *å‘·ï¼šã„’ã„§ã„šËŠ,40,4.375,"{'positive': 31, 'negative': 9}"
å¥½æƒ³åƒå†° æ—¥å¼è”¬é£Ÿ ä¸­å±±èµ¤å³°åº—,20,3.55,"{'positive': 11, 'negative': 9}"
å¥½æƒ³è¦‹éºµ å¤§å®‰ä¿¡ç¾©åº—,20,3.55,"{'positive': 12, 'negative': 8}"
å¥½æœ¨ åŸæœ¨é¤æ¡Œå¯¦æœ¨é¤æ¡Œ,20,5.0,{'positive': 20}
å¥½ç±³äº,20,4.15,"{'positive': 16, 'negative': 4}"
å¥½è™•é¤é…’é¤¨,40,4.45,"{'positive': 37, 'negative': 3}"
å¥½é£Ÿæ—©é¤ï¼ˆæ¯é€±æ—¥ã€ä¸€å…¬ä¼‘ï¼‰,20,4.35,"{'positive': 17, 'negative': 3}"
å¥½é£Ÿéºµé£¯å±‹,20,4.2,"{'positive': 15, 'negative': 5}"
å§Šå§Šçš„å»šæˆ¿,20,4.55,"{'positive': 18, 'negative': 2}"
å¨å®‡ç‰›æ’ - å…¬é¤¨åº—,40,4.075,"{'positive': 32, 'negative': 8}"
å¨˜å­å®¶å’–å•¡,20,3.75,"{'positive': 14, 'negative': 6}"
å©·å©·å’–å•¡ç°¡é¤,20,4.35,"{'positive': 16, 'negative': 4}"
åª½åª½å’ªå‘€æ—©é¤å±‹(æ•¦åŒ–åº—),20,3.5,"{'positive': 12, 'negative': 8}"
å­£å‰GGéŸ“åœ‹é¤é¤¨,20,4.6,"{'positive': 19, 'negative': 1}"
å­«è±ªè¨˜æ‰‹å·¥æ°´é¤ƒ,20,4.1,"{'positive': 13, 'negative': 7}"
å®‰æ±å°¼ç¾©å¼å»šæˆ¿ è¼”å¤§åº—,20,4.0,"{'positive': 15, 'negative': 5}"
å®‹æœä¸­é¤å»³,20,4.15,"{'positive': 16, 'negative': 4}"
å®¢å®¶å°åº—,20,4.45,{'positive': 20}
å®¢ç¾å¤šå’–å•¡ Komeda's Coffee å°åŒ—è½‰é‹ç«™åº—,20,4.15,"{'positive': 17, 'negative': 3}"
å®¶å¸¸å°èœ,20,4.05,"{'positive': 15, 'negative': 5}"
å®¶æ¹˜ç²¾ç·»ç°¡é¤ï¼ˆæ¹˜è¨˜å°éºµï¼‰,20,4.3,"{'positive': 17, 'negative': 3}"
å®¶é„‰è‡ªåŠ©é¤,19,2.8947368421052633,"{'negative': 10, 'positive': 9}"
å¯ŒéŒ¦æ¨¹å°èœé¦™æª³ æ•¦åŒ—åº—,20,4.25,"{'positive': 17, 'negative': 3}"
å¯ŒéŒ¦æ¨¹å°èœé¦™æª³101æ——è‰¦åº—,20,3.95,"{'positive': 14, 'negative': 6}"
å¯’èˆèŒ¶åŠ,20,4.7,"{'positive': 19, 'negative': 1}"
å¯¶æå ‚ æ‰‹åˆ‡æ»·è‚‰é£¯ æº«è£œç¾Šè‚‰æ¹¯,20,4.5,"{'positive': 18, 'negative': 2}"
å°å‘³å»šæˆ¿æ–™ç†å¯¦é©—å®¤,20,4.8,"{'positive': 19, 'negative': 1}"
å°ä¼™ä¼´æ¹–åŒ—é¢¨å‘³éºµé£Ÿé¤¨,20,4.4,"{'positive': 17, 'negative': 3}"
å°å—é€šå’–å•¡,20,4.55,"{'positive': 18, 'negative': 2}"
å°å—é–€å‚³çµ±è±†èŠ±,20,3.0,"{'negative': 11, 'positive': 9}"
å°åŸç”°æ—¥æœ¬æ–™ç† å…¬é¤¨åº—,40,4.125,"{'positive': 32, 'negative': 8}"
å°å™¨é£Ÿå ‚å¾®é¢¨å—å±±åº—,20,3.95,"{'positive': 14, 'negative': 6}"
å°åœ“æ‘,20,4.25,"{'positive': 18, 'negative': 2}"
å°å¤§éºµç·š,20,4.2,"{'positive': 16, 'negative': 4}"
å°å§å§éº»è¾£é£Ÿå ‚,20,3.0,"{'positive': 10, 'negative': 10}"
å°å°æ¨¹é£Ÿ å¤§å®‰åº—,20,4.2,"{'positive': 15, 'negative': 5}"
å°å°šå“ç²¾åˆ¶é‹ç‰© å¸«å¤§åˆ†éƒ¨åº—,20,4.2,"{'positive': 16, 'negative': 4}"
å°å°šå“ç²¾åˆ¶é‹ç‰© ç¦èˆˆåº—,20,4.3,"{'positive': 17, 'negative': 3}"
å°å±‹,20,4.05,"{'positive': 14, 'negative': 6}"
å°æ”¾ç‰›éºµé£Ÿåº—,20,3.6,"{'positive': 12, 'negative': 8}"
å°æ—ºè™Ÿ - å…¬é¤¨åº—,40,3.95,"{'positive': 27, 'negative': 13}"
å°æ›¼è°·æ³°åœ‹é›²å—æ–™ç† æ”¿å¤§åº—,20,4.3,"{'positive': 16, 'negative': 4}"
å°çŠé£Ÿå ‚ ï¼ˆç‡Ÿæ¥­æ™‚é–“ã€‚å”®å®Œå³æ­¢ï¼ï¼‰,20,4.4,"{'positive': 18, 'negative': 2}"
å°ç¢ºå¹¸,20,3.5,"{'positive': 12, 'negative': 8}"
å°è‰¯çµ†-æ¶¼éºµå°ˆé–€åº— Bancoldnoodle,20,4.2,"{'positive': 16, 'negative': 4}"
å°è”¬æ­ çµ•å°è”¬é£Ÿ(å°å¤§äºŒæ´»åº—ï¼‰,40,4.175,"{'positive': 30, 'negative': 10}"
å°èºæ³¢ å…¬é¤¨åº— - å°ç£èºè„ç²‰ç¬¬ä¸€å“ç‰Œ,40,4.5,"{'positive': 35, 'negative': 5}"
å°è¾£æ¤’é­·é­šç¾¹,20,4.0,"{'positive': 17, 'negative': 3}"
å°é…Œä¸²çƒ¤,20,4.15,"{'positive': 16, 'negative': 4}"
å°é£Ÿæ³°æ³°å¼æ–™ç†é¤å»³/æœƒè­°ä¾¿ç•¶/Fanthaisy Thai Restaurants/èšé¤/å¥½åƒä¾¿ç•¶/å¤–é€ä¾¿ç•¶/å°åŒ—ç¾é£Ÿ/åˆé¤/æ™šé¤/å®¢è£½ä¾¿ç•¶/é™„è¿‘ç¾é£Ÿ/åŒ…å ´/åŒ…å»‚/å®šé£Ÿ/å¤–ç‡´/å‡æ—¥ç„¡å®šé£Ÿ,20,4.7,"{'positive': 19, 'negative': 1}"
å°é£¯å»³,40,3.95,"{'positive': 31, 'negative': 9}"
å°é£¯é¤¨å…’,40,4.175,"{'positive': 32, 'negative': 8}"
å°é­å·èœé¤å»³,20,3.7,"{'positive': 14, 'negative': 6}"
å°é¹¿äº­,40,3.825,"{'positive': 24, 'negative': 16}"
å°šå®¶é¦™é›²å—ç¾å‘³éºµé£Ÿé¤¨,40,4.325,"{'positive': 32, 'negative': 8}"
å°±æ˜¯æ„›ç…é¤…æœå­å’”æ»‹é£¯ç³°å’Œå¹³åº—,20,4.15,"{'positive': 15, 'negative': 5}"
å±•å¼Ÿæ‹‰éºµåº—,20,3.65,"{'positive': 12, 'negative': 8}"
å±¯äº¬æ‹‰éºµ å°åŒ—ç«™å‰åº—,20,4.45,"{'positive': 19, 'negative': 1}"
å±±ä¸‰çŸ³ La Roche qui Chante ï½œå³¶å¶¼èŒ¶é£Ÿ â€¢ ç¯€æ…¶ç”œé»,20,4.6,"{'positive': 18, 'negative': 2}"
å±±æµ·æ¨“ æ‰‹å·¥è‡ºèœé¤å»³,20,4.1,"{'positive': 15, 'negative': 5}"
å±±ç–é‹è²¼æ°´é¤ƒ,20,3.95,"{'positive': 15, 'negative': 5}"
å±±çš„å¦ä¸€é‚Š,20,4.05,"{'positive': 15, 'negative': 5}"
å±±è¥¿åˆ€å‰Šéºµ,40,4.5,"{'positive': 35, 'negative': 5}"
å±±è¥¿å¾¡å“åˆ€å‰Šéºµé¤¨,20,4.5,"{'positive': 19, 'negative': 1}"
å²¡å¿ƒé£Ÿå ‚,20,4.85,{'positive': 20}
å³¨åµ‹å·èœé¤å»³,40,4.225,"{'positive': 32, 'negative': 8}"
åµ© å°åŒ—å¤§å®‰,20,4.8,"{'positive': 19, 'negative': 1}"
å·æ¸å°åƒåŠ/ç¾é£Ÿ/å°åƒ/restaurants/takeout,20,4.1,"{'positive': 14, 'negative': 6}"
å·§å‘³å¿«é¤,20,4.45,"{'positive': 17, 'negative': 3}"
å·§æˆ¿é¤¡é¤…,20,4.5,"{'positive': 18, 'negative': 2}"
å·´æ±èœ€å‘³,19,3.8947368421052633,"{'positive': 12, 'negative': 7}"
å·´ç”Ÿä»”å¤§é¦¬æ–™ç†åº—,40,4.15,"{'positive': 32, 'negative': 8}"
å·´é›·å·´é›·å°åº¦é¤å»³,20,4.95,{'positive': 20}
å··å­å£ç…å­é ­ç™½èœéºµ,20,4.1,"{'positive': 16, 'negative': 4}"
å··å­æéºµ,20,4.65,"{'positive': 18, 'negative': 2}"
å¸Œè‡˜å·¦å·´ å°å¤§åº—,40,4.175,"{'positive': 33, 'negative': 7}"
å¸Œè‡˜å·¦å·´ æ­é™¸é¢¨å‘³é¤¨,40,4.1,"{'positive': 31, 'negative': 9}"
å¸¥å“¥æ»·è‚‰é£¯ A Handsome Guy,20,4.35,"{'positive': 17, 'negative': 3}"
å¸«å¤§å¤œå¸‚,20,3.7,"{'positive': 14, 'negative': 6}"
å¹³æˆåä¹ æµ·é®®ä¸¼çƒ¤é­šç‡’è‚‰ï¼ˆç¶²è·¯è¨‚ä½ï¼Œç„¡é›»è©±è¨‚ä½ï¼‰,20,4.0,"{'positive': 15, 'negative': 5}"
åº¦å°æœˆæ“”ä»”éºµ å°åŒ—å¿ å­åº—,20,3.95,"{'positive': 13, 'negative': 7}"
å»šè—å®¤Storeroom Burger Daan,20,3.9,"{'positive': 14, 'negative': 6}"
å¼˜å¤§ä¸€è™Ÿå‡ºå£,20,4.0,"{'positive': 15, 'negative': 5}"
å¼·è¨˜æ¸¯å¼å°é¤¨,20,4.6,"{'positive': 18, 'negative': 2}"
å¾å·è·¯2è™Ÿåº­åœ’æœƒé¤¨,20,4.85,"{'positive': 19, 'negative': 1}"
å¾™å··å°é¤é…’,20,3.5,"{'positive': 13, 'negative': 7}"
å¾¡é¼æ¥µå“è±¬è…³ å¾©èˆˆåº—,20,4.35,"{'positive': 17, 'negative': 3}"
å¾©å¤è±ªæ–¯Retro House,20,4.7,"{'positive': 19, 'negative': 1}"
å¾·å·ç¾å¢¨ç‚¸é› å¾®é¢¨å—å±±åº—,20,3.8,"{'positive': 14, 'negative': 6}"
å¾·æ„äº‹æ­å¼ç¾é£Ÿå±‹,20,4.5,"{'positive': 17, 'negative': 3}"
å¿ å—é£¯é¤¨,20,4.05,"{'positive': 15, 'negative': 5}"
å¿ å°‡è”¥æŠ“é¤… æ‡·å¯§åº—,20,4.4,"{'positive': 17, 'negative': 3}"
å¿ é’å•†è¡Œ,20,4.05,"{'positive': 15, 'negative': 5}"
å¿ é’å•†è¡Œ å¾®é¢¨å°åŒ—è»Šç«™åº—,20,3.95,"{'positive': 14, 'negative': 6}"
å¿ é’å•†è¡Œ é ç™¾ä¿¡ç¾©A13åº—,20,3.9,"{'positive': 14, 'negative': 6}"
æ‚…ä¸Šæµ·,20,4.0,"{'positive': 15, 'negative': 5}"
æ‚…ä¾†ç‰›è‚‰éºµ,20,4.3,"{'positive': 18, 'negative': 2}"
æ‚…è¯è»’,20,4.1,"{'positive': 15, 'negative': 5}"
æƒ³ åœ‹å®¶æˆ²åŠ‡é™¢,20,4.4,"{'positive': 17, 'negative': 3}"
æƒ³èš Mr.Jardeng,40,4.45,"{'positive': 34, 'negative': 6}"
æ„›ç‰æ—©é¤åº—,20,4.55,"{'positive': 18, 'negative': 2}"
æ„Ÿè¬æ‚¨é¹½é…¥é›,20,4.35,"{'positive': 16, 'negative': 4}"
æ…¶ä¸‰è™Ÿ-å°åŒ—å»¶å¹³åº— äººæ°£æ—©åˆé¤/ç‚­çƒ¤åå¸/ç§˜è£½ç‡’è‚‰/é…¥è„†è›‹é¤…/æ¿çƒ¤æ²™å¨ç‘ª/,20,4.3,"{'positive': 18, 'negative': 2}"
æ…¶åŸè¡—1è™Ÿ è¤‡åˆå¼å•†å ´,20,3.85,"{'positive': 15, 'negative': 5}"
æ†¶é¦¬ç•¶é®® é¦¬ä¾†è¥¿äºé¢¨å‘³æ–™ç†,20,4.15,"{'positive': 16, 'negative': 4}"
æˆå®¶å°é¤¨,20,3.25,"{'positive': 12, 'negative': 8}"
æ‹¾å£¹è™Ÿï¼Meal Pub,20,4.4,"{'positive': 17, 'negative': 3}"
æ·å…‹å…¬å¯“,20,4.7,"{'positive': 18, 'negative': 2}"
ææ´›æ–¯ç¾©å¼å»šæˆ¿,20,4.3,"{'positive': 18, 'negative': 2}"
æªé¤–ç‡’è‚‰ å¾®é¢¨å—å±±åº—,20,4.5,"{'positive': 17, 'negative': 3}"
æ—é£›è±†èŠ±,20,4.5,"{'positive': 18, 'negative': 2}"
æ‘©æ–¯æ¼¢å ¡ å°åŒ—è»Šç«™åº—(åŒ—ä¸€é–€æ—),20,2.35,"{'negative': 14, 'positive': 6}"
æ‘©æ–¯æ¼¢å ¡ å¤§å®‰åº—,20,2.25,"{'negative': 15, 'positive': 5}"
æ‘©æ–¯æ¼¢å ¡ æ¾å±±æ©Ÿå ´åº—,20,2.65,"{'negative': 11, 'positive': 9}"
æ“‚éŠ—é¤å»³,20,4.6,"{'positive': 18, 'negative': 2}"
æ”¶è³¼è€é…’/é¾éŠ€å¤§ç›¤å•†-é‡‘ç‰Œæ”¶è³¼è€é…’å•†å°åŒ—ç¸½åº—,20,4.8,"{'positive': 19, 'negative': 1}"
æ•å¿ é¤å»³,20,4.05,"{'positive': 15, 'negative': 5}"
æ•˜ç·£å°é¤¨,20,4.6,"{'positive': 19, 'negative': 1}"
æ–‡å“¥ å··ä»”å£ç±³ç²‰æ¹¯,20,3.9,"{'positive': 16, 'negative': 4}"
æ–‡å±±å¯¦ç¿’ç”Ÿæ´»é¤¨,20,4.7,"{'positive': 19, 'negative': 1}"
æ–‡è¯ CafÃ©,20,4.0,"{'positive': 14, 'negative': 6}"
æ–‡ï½œç«ï½œè™•ï½œæ–¹ æ–™ç†æ‰€,20,4.35,"{'positive': 16, 'negative': 4}"
æ–å¾—è”¬é£Ÿ VERDURE æ¾å±±åº—,20,4.6,"{'positive': 18, 'negative': 2}"
æ–°ä¸¼ å’Œå¹³åº—,20,4.15,"{'positive': 16, 'negative': 4}"
æ–°å°ç£Gç‹,20,4.1,"{'positive': 16, 'negative': 4}"
æ–°èŠè±ªå“å‘³,20,3.9,"{'positive': 16, 'negative': 4}"
æ–°è¯æ¸¯å¼èœé¤¨,20,3.85,"{'positive': 13, 'negative': 7}"
æ–°é¦¬è¾£ç¶“å…¸éº»è¾£é‹-ä¿¡ç¾©é ç™¾åº—Plus+,20,4.3,"{'positive': 17, 'negative': 3}"
æ–¹ç¦¾é£Ÿå‘‚,20,4.55,"{'positive': 17, 'negative': 3}"
æ—¥å¸¸,15,3.8,"{'positive': 11, 'negative': 4}"
æ—¥æ–°ç¾åšæ—©é¤åº—,20,4.35,"{'positive': 16, 'negative': 4}"
æ—¥æš®é‡Œæ¶®æ¶®é‹,20,3.75,"{'positive': 12, 'negative': 8}"
æ—¥æµ·æµ·é®®åº—,20,4.55,"{'positive': 19, 'negative': 1}"
æ—©å’–æœé£Ÿï¼ˆå’–å“©é£¯/ç‚’æ³¡éºµï¼‰,20,3.9,"{'positive': 15, 'negative': 5}"
æ—©çŠ Toast & Teaï¼ˆæ­¡è¿ä¾†é›»å¤–å¸¶/å…§ç”¨ï¼‰,20,5.0,{'positive': 20}
æ—©é»åŠ è–ª,20,4.9,{'positive': 20}
æ˜‡å ‚ x ä½GIå¥åº·é¤ç›’,20,2.15,"{'negative': 14, 'positive': 6}"
æ˜Ÿ hoshi table,20,4.75,{'positive': 20}
æ˜¥å¤©ç´ é£Ÿé¤å»³ï¼ˆå°åŒ—å¤§å®‰åº—ï¼‰,19,3.8947368421052633,"{'positive': 15, 'negative': 4}"
æ˜¥æ°´å ‚ ä¸­æ­£åº—,20,3.8,"{'positive': 14, 'negative': 6}"
æ˜¥ç”³é£Ÿåºœ,20,4.4,"{'positive': 18, 'negative': 2}"
æ˜¥è¶Šé£Ÿå ‚,20,4.75,"{'positive': 18, 'negative': 2}"
æ™‚æ™‚é¦™ RICE BAR - å¾®é¢¨å—å±±åº—,20,4.25,"{'positive': 17, 'negative': 3}"
æ™¨æ›¦èŒ¶åŠ,20,4.6,"{'positive': 18, 'negative': 2}"
æ™´å·ç››æ—¥å¼æ¶®æ¶®é‹-æ¾å±±æ°‘æ¬Š,20,4.25,"{'positive': 15, 'negative': 5}"
æ™ºå‹é®®é£Ÿ,20,3.8,"{'positive': 13, 'negative': 7}"
æ›‰é¹¿ç›’é£Ÿ,15,4.666666666666667,"{'positive': 14, 'negative': 1}"
æ›‰é¹¿é³´æ¨“ æ°¸çºŒå°ç£åŠŸå¤«èœ,40,4.5,"{'positive': 37, 'negative': 3}"
æ›¼è°·ç‡’,40,4.25,"{'positive': 35, 'negative': 5}"
æœˆä¹‹ç¾©å¤§åˆ©é¤å»³,20,4.55,"{'positive': 18, 'negative': 2}"
æœˆéœ Waha Cafe,20,4.5,"{'positive': 19, 'negative': 1}"
æœ‰å–œå±…é…’å±‹,20,4.9,"{'positive': 19, 'negative': 1}"
æœ¨æ˜“å­é£Ÿæ‰€å’–å“©l å„ªæ ¼æ²™æ‹‰,20,4.85,{'positive': 20}
æœ¨æŸµæ°´ç…åŒ…,20,3.95,"{'positive': 15, 'negative': 5}"
æœ¨æŸµè€çˆ¹éµè‚‰å°ˆè³£åº—,20,4.8,{'positive': 20}
æœ¬èƒ½å¯º ç›´ç«ç‡’è‚‰,20,4.45,"{'positive': 17, 'negative': 3}"
æœ±è¨˜é¤¡é¤…ç²¥åº— ä¿¡ç¾©åº—,20,3.35,"{'positive': 12, 'negative': 8}"
æœ±è¨˜é¤¡é¤…ç²¥åº— å¾®é¢¨å°å¤§é†«é™¢åº—,20,3.3,"{'positive': 11, 'negative': 9}"
æœ±è¨˜é¤¡é¤…ç²¥åº— æ°‘æ¬Šåº—,20,2.95,"{'negative': 13, 'positive': 7}"
ææ°å…„å¼Ÿ44è™Ÿé¤é…’é¤¨(ææ°é¤åŠ),20,4.55,"{'positive': 18, 'negative': 2}"
æç™½Breakfast x coffee,20,4.25,"{'positive': 16, 'negative': 4}"
æéºµè«‹,20,4.9,{'positive': 20}
æåœ’é¤å»³,20,4.15,"{'positive': 17, 'negative': 3}"
æ­å·å°ç± æ¹¯åŒ…,20,3.8,"{'positive': 14, 'negative': 6}"
æ±å®¶ç¾é£Ÿé¤¨,20,3.8,"{'positive': 14, 'negative': 6}"
æ±æ–¹ç¾æ—©é¤,20,3.6,"{'positive': 13, 'negative': 7}"
æ±é–€é´¨èŠ ä¸­æ­£ç¸½åº—,20,2.45,"{'negative': 17, 'positive': 3}"
æ¾å±±å€ç«‹å¯åº·é¤å»³,20,4.5,"{'positive': 18, 'negative': 2}"
æ¾æŸè‡ªåŠ©é¤,20,2.1,"{'negative': 18, 'positive': 2}"
æ¾ç”°æ—¥å¼é£¯ç³°,20,4.75,"{'positive': 19, 'negative': 1}"
æ¾ç”ºå’Œé¢¨å°èˆ–,20,3.5,"{'positive': 12, 'negative': 8}"
æ—å±…sushiæ—¥æœ¬æ–™ç†,20,4.3,"{'positive': 16, 'negative': 4}"
æ—æ±èŠ³ç‰›è‚‰éºµ,20,3.25,"{'negative': 11, 'positive': 9}"
æ—æŸé£Ÿå‚æ¶®æ¶®é‹,20,4.25,"{'positive': 15, 'negative': 5}"
æ—è¨˜æµ·å—é›é£¯(å’Œå¹³åº—)ç§‘æŠ€å¤§æ¨“ç¾é£Ÿ å°ç§‘ç¾é£Ÿ å°ç§‘å¤–é€ç¾é£Ÿ å¤§å®‰å€ç¾é£Ÿ å¤§å®‰å€ç¾é£Ÿå¤–é€,20,4.2,"{'positive': 16, 'negative': 4}"
æŸ”æŸ”ã®ç‚¸èª,20,3.75,"{'positive': 14, 'negative': 6}"
æŸ´ç«éºµæ“”ä»”,20,3.35,"{'negative': 10, 'positive': 10}"
æ ¼èŠ®æ½˜ç¾©å¼å‰µæ„å»šæˆ¿,20,3.35,"{'positive': 11, 'negative': 9}"
æ¡ƒå±±æ—¥æœ¬æ–™ç†,20,4.1,"{'positive': 16, 'negative': 4}"
æ¡ƒæºè¡—è€ç‹è¨˜ç‰›è‚‰éºµåº—,20,3.45,"{'positive': 10, 'negative': 10}"
æ¡”æ¢—JIEGENGE,20,3.95,"{'positive': 14, 'negative': 6}"
æ¢ç¤¾æ¼¢æ’éª¨-å¤§å®‰ä¸€åº—,20,2.85,"{'negative': 12, 'positive': 8}"
æ¢Ÿå¤œ æ—¥å¼é¤é…’é¤¨ ä¸²ã®é…’å ´ ç‡’é³¥ Xiaoya Yakitori å±…é…’å±‹ - å°åŒ—å¤§å®‰å±…é…’å±‹ ä¸²ç‡’æ¨è–¦ äººæ°£ç‡’çƒ¤é¤å»³ ç¾é£Ÿé¤é…’é¤¨ æ—¥å¼æ–™ç† 2025ç¶²ç´…æ¨è–¦,20,4.5,"{'positive': 19, 'negative': 1}"
æ¢§è²³WUERFOODSæ­å§†è›‹åŒ…é£¯å°ˆè³£åº—,20,3.8,"{'positive': 11, 'negative': 9}"
æ¤°å…„æ³°å¼æ–™ç†é¤å»³ ä¸­å±±åº—,20,4.35,"{'positive': 15, 'negative': 5}"
æ¥Šè¨˜å°åƒ,20,4.55,"{'positive': 17, 'negative': 3}"
æ¥µè†³-å¸ç‹é¤Šç”Ÿè† ç¾é£Ÿ,20,4.6,"{'positive': 18, 'negative': 2}"
æ¦®æ¦®åœ’æµ™å¯§é¤å»³,20,4.35,"{'positive': 17, 'negative': 3}"
æ¨‚å’Œç‰›æ’é¤¨,20,4.25,"{'positive': 17, 'negative': 3}"
æ¨‚å’–å“©,20,3.65,"{'positive': 14, 'negative': 6}"
æ¨‚å­ç‘å®‰åº—ï¼ˆå¯µç‰©å‹å–„ï¼‰,20,4.25,"{'positive': 17, 'negative': 3}"
æ¨‚å´ç«é‹-æ°‘ç”Ÿåº—,20,4.6,"{'positive': 19, 'negative': 1}"
æ¨‚å·å°é¤¨,20,4.35,"{'positive': 16, 'negative': 4}"
æ¨‚æ ¼è¼•é£Ÿ,20,3.95,"{'positive': 15, 'negative': 5}"
æ¨‚æ¼¢å ¡ç¾å¼é¤å»³ å°åŒ—å¤§å®‰åº—,20,3.8,"{'positive': 14, 'negative': 6}"
æ¨‚çƒ˜ç„™ææ–™å™¨å…· (å®˜æ–¹LINE IDæœå°‹ï¼š@lzw7499a),20,3.65,"{'positive': 13, 'negative': 7}"
æ¨‚ç›’å­ è¥¿ç­ç‰™é¤å»³ La Caja de Musica Spanish restaurant,20,4.5,"{'positive': 18, 'negative': 2}"
æ¨‚è»’å’Œç‰›å°ˆé–€åº—,20,4.4,"{'positive': 17, 'negative': 3}"
æ¨‚é‚¦,20,4.55,"{'positive': 18, 'negative': 2}"
æ¨‚é›…æ¨‚é¤å»³ æ•¦åŒ–åº—,20,3.3,"{'negative': 10, 'positive': 10}"
æ¨‚é›…æ¨‚é¤å»³ ç«™å‰åº—,20,3.95,"{'positive': 14, 'negative': 6}"
æ¨‚é£Ÿå ‚,20,4.8,"{'positive': 19, 'negative': 1}"
æ¨‚é¦™å°ç«é‹ä¸­å±±ç¸½åº—,20,3.65,"{'positive': 12, 'negative': 8}"
æ¨¹ä¸‹è˜‡æ´»,40,4.55,"{'positive': 36, 'negative': 4}"
æ©‹æ‘ç‚¸é› - å°åŒ—101åº—,20,2.6,"{'negative': 14, 'positive': 6}"
æª€å³¶é¦™æ¸¯é¤å»³_ä¿¡ç¾©åº—,20,3.55,"{'positive': 10, 'negative': 10}"
æª¸æª¬è‰ç¾é£ŸèŒ¶æˆ¿ æ–°èŠåº—,20,4.5,"{'positive': 18, 'negative': 2}"
æ«»sakuraï¼ˆæ¡œæ—¥æœ¬æ–™ç† é¾åŸå¸‚å ´132æ”¤ï¼‰,20,4.95,{'positive': 20}
æ¬£æ¬£å¤§çœ¾é­·é­šç¾¹,15,4.6,"{'positive': 13, 'negative': 2}"
æ¬£è‘‰å°èœ ä¿¡ç¾©æ–°å¤©åœ°A9åº—,20,4.7,"{'positive': 19, 'negative': 1}"
æ¬£è‘‰å°èœ å—è¥¿åº—,20,3.5,"{'positive': 11, 'negative': 9}"
æ¬£è‘‰å°èœ å¿ å­åº—,20,4.65,{'positive': 20}
æ¬£è‘‰å°èœå‰µå§‹åº—,20,4.55,"{'positive': 17, 'negative': 3}"
æ¬½è±ªç‡’è…Šç›’é¤,20,2.85,"{'negative': 13, 'positive': 7}"
æ­å¬¤å¾·å¼ç¾é£Ÿ å“¥å¾·åº—,40,4.2,"{'positive': 32, 'negative': 8}"
æ­¡èšçƒ¤éœ¸,20,4.3,"{'positive': 18, 'negative': 2}"
æ­£å®—å°å—æ„éºµ,20,4.15,"{'positive': 17, 'negative': 3}"
æ®µç´”è²-å°åŒ—äº¬ç«™åº—,20,3.25,"{'positive': 11, 'negative': 9}"
æ°´å‰ŒéŸ“å¼é¤å»³ å¤§ç›´ç¸½åº—,20,3.7,"{'positive': 13, 'negative': 7}"
æ°´å“¥å’–å•¡,20,4.65,"{'positive': 19, 'negative': 1}"
æ°´æ–™ç† (fresh cuisine ) Halal MUSLIM FRIENDLY æº«é«”ç‰›å’–å“©é£¯,20,4.65,"{'positive': 19, 'negative': 1}"
æ°¸å’Œè±†æ¼¿,20,3.8,"{'positive': 15, 'negative': 5}"
æ°¸å’Œè±†æ¼¿å¤§ç‹,40,3.9,"{'positive': 29, 'negative': 11}"
æ°¸åº·ç‰›è‚‰éºµ,20,3.6,"{'positive': 13, 'negative': 7}"
æ°¸åº·è¡—å·¦æ’‡å­,20,3.95,"{'positive': 14, 'negative': 6}"
æ°¸å¿ƒé³³èŒ¶å¥¶èŒ¶å°ˆé–€æ‰€ YONSHIN MILKTEA MANSION,20,4.5,"{'positive': 17, 'negative': 3}"
æ±Ÿæµ™ ç§€è˜­å°é¤¨,20,3.7,"{'positive': 12, 'negative': 8}"
æ±Ÿè˜‡è€è¶™åˆ€åˆ‡éºµ,20,3.7,"{'positive': 12, 'negative': 8}"
æ± å…ˆç”Ÿ kopitiam premium (å…¬é¤¨åº—),40,4.4,"{'positive': 36, 'negative': 4}"
æ± å…ˆç”Ÿ(å¤§å®‰åº—ï¼‰,20,4.3,"{'positive': 17, 'negative': 3}"
æ± éŸ³ é¶ç™½æ¹¯ãƒ©ãƒ¼ãƒ¡ãƒ³,20,4.45,"{'positive': 18, 'negative': 2}"
æ²ƒæ£®èŒ¶é…’é¤¨ WOSOM / Teahouse & Bar,20,4.25,"{'positive': 18, 'negative': 2}"
æ²™å—²å£«å¤š,40,4.5,"{'positive': 37, 'negative': 3}"
æ²¾ç¾è—è¡“åº­è‹‘ Jimmyâ€™s Garden,20,4.65,"{'positive': 19, 'negative': 1}"
æ³” ç±³é£Ÿå ‚,20,4.65,"{'positive': 18, 'negative': 2}"
æ³•å–œç´ é£Ÿ,20,4.35,"{'positive': 17, 'negative': 3}"
æ³¢æ³¢æ°æ°å¤§é¦¬é¢¨å‘³é¤,20,3.7,"{'positive': 12, 'negative': 8}"
æ³¢è¨˜èŒ¶é¤å»³,20,4.35,"{'positive': 16, 'negative': 4}"
æ³¢èµ«å£«é ˜åœ°ç²¾å“å’–å•¡é¤¨ ææ‹‰ç±³è˜‡ åƒå±¤è›‹ç³• BorgesPlaceæ˜Œå‰åº—,20,4.6,"{'positive': 19, 'negative': 1}"
æ³¢éº—è·¯è¥¿é¤å»³,20,3.95,"{'positive': 14, 'negative': 6}"
æ³°å‘³é®®,40,4.325,"{'positive': 37, 'negative': 3}"
æ³°åœ‹è±¡æ³°å¼æ–™ç†,20,3.9,"{'positive': 16, 'negative': 4}"
æ³°å¥½åƒæ³°åœ‹èˆ¹éºµ,40,4.55,"{'positive': 36, 'negative': 4}"
æ³°æ»¾ Rolling Thai æ³°å¼ç«é‹(å—äº¬åº—ï¼‰,20,4.35,"{'positive': 15, 'negative': 5}"
æ´‹æ´‹è‚‰éª¨èŒ¶-æ¾æ©Ÿåº—,20,3.4,"{'positive': 12, 'negative': 8}"
æ´›æ¯…ç‰›è‚‰éºµé¤¨,20,4.3,"{'positive': 17, 'negative': 3}"
æ´¥è¼•ä¸¸è™Ÿ,20,4.35,"{'positive': 18, 'negative': 2}"
æ´ªå¸«çˆ¶å† è»ç‰›è‚‰éºµ-å»ºåŒ—åº—,20,4.1,"{'positive': 15, 'negative': 5}"
æ´»æµ·é®®ç§å»šï¼ˆé ç´„åˆ¶éœ€æå‰é ç´„ï¼‰,20,4.55,"{'positive': 18, 'negative': 2}"
æµªé€Ÿé£Ÿé‹ª,20,4.7,"{'positive': 19, 'negative': 1}"
æµ·å£½å¸ é ç™¾A13åº—,20,3.3,"{'positive': 10, 'negative': 10}"
æµ·å¤©å°é¤¨,20,4.25,"{'positive': 18, 'negative': 2}"
æµ·åº•æ’ˆç«é‹ ä¿¡ç¾©å¾®é¢¨å—å±±åº—,20,4.9,"{'positive': 19, 'negative': 1}"
æµ·åº•æ’ˆç«é‹ æ…¶åŸåº—,20,4.7,"{'positive': 18, 'negative': 2}"
æµ·ç‹å±…é…’å±‹,20,4.45,"{'positive': 18, 'negative': 2}"
æ¶“è±†è… å¾®é¢¨åŒ—è»Šåº—,20,4.1,"{'positive': 17, 'negative': 3}"
æ¶“è±†è… å¾®é¢¨å—å±±åº—,20,3.7,"{'positive': 12, 'negative': 8}"
æ¶“è±†è… æ¾å±±åº—,20,3.9,"{'positive': 16, 'negative': 4}"
æ¶®ä¹ƒè‘‰ å¿ å­æ˜æ›œåº—,20,3.8,"{'positive': 14, 'negative': 6}"
æ·±ç´…æ±•é ­é‹ç‰©(å°åŒ—æ°‘æ¬Šåº—),20,4.65,"{'positive': 19, 'negative': 1}"
æ·³é¦¨è™Ÿæ‰‹å·¥æ°´é¤ƒå°ˆè³£åº—,13,4.538461538461538,"{'positive': 11, 'negative': 2}"
æ·ºè‰æ—¥å¼é£¯ç³°,20,4.05,"{'positive': 15, 'negative': 5}"
æ¸…å¥ˆåª½åª½å°åº¦å»šæˆ¿,20,4.1,"{'positive': 15, 'negative': 5}"
æ¸…çœŸä¸­åœ‹ç‰›è‚‰éºµé£Ÿé¤¨ (å¤§å®‰),20,4.1,"{'positive': 14, 'negative': 6}"
æ¸…è¯è»’,40,4.1,"{'positive': 30, 'negative': 10}"
æ¸…é‚åŸ,20,4.5,"{'positive': 19, 'negative': 1}"
æ¸£ç”· Taiwan Bistro æ•¦åŒ—ä¸‰æ¸£,20,3.8,"{'positive': 11, 'negative': 9}"
æ¸£ç”·TaiwanBistro æœ¨æŸµäºŒæ¸£,20,4.25,"{'positive': 16, 'negative': 4}"
æ¸¯å¼è¬éš†ç‡’è‡˜,20,3.55,"{'positive': 13, 'negative': 7}"
æ¸¯é‘«-æ¸¯å¼èŒ¶é¤å»³,20,3.45,"{'negative': 11, 'positive': 9}"
æ¹„è³½é›²æ³°æ–™ç†,20,4.65,"{'positive': 19, 'negative': 1}"
æ¹¯èŠå®¶é¤Šç”Ÿè—¥è†³,20,4.3,"{'positive': 17, 'negative': 3}"
æ»‡å‘³å°å»š,20,3.55,"{'positive': 12, 'negative': 8}"
æ»‡å‘³å»šæˆ¿,20,3.35,"{'positive': 11, 'negative': 9}"
æ»ç¦¾è£½éºµæ‰€ å¤§å®‰ç‘å®‰åº—(æ‹‰éºµå°ˆè³£),20,4.2,"{'positive': 17, 'negative': 3}"
æ»¿å¡˜å°å—è™±ç›®é­š-èˆˆéš†åº— é–‹å–®é«˜é¢¨éšª,20,4.05,"{'positive': 14, 'negative': 6}"
æ»¿è±ç‰›è‚‰éºµ,20,4.65,{'positive': 20}
æ¼åå°èœæµ·é®®é¤å»³,20,3.95,"{'positive': 15, 'negative': 5}"
æ¼æ¨‚ç„¡èœå–®æ–™ç†ï¼ˆé ç´„åˆ¶ï¼‰,20,4.75,"{'positive': 19, 'negative': 1}"
æ¼¢å ¡ç‹ å¾®é¢¨åŒ—è»Šåº—,20,2.9,"{'negative': 12, 'positive': 8}"
æ½®é£¯,20,3.4,"{'positive': 11, 'negative': 9}"
æ¿Ÿå—ç‰›è‚‰éºµ,20,4.25,"{'positive': 17, 'negative': 3}"
ç€§åšç‚™ç‡’ç†Ÿæˆç‰›æ’ è‡ºåŒ—.å¤§å®‰åº—,20,4.3,"{'positive': 17, 'negative': 3}"
ç‚å¼Ÿç‚’é£¯éµæ¿ç‡’ - å…¬é¤¨åº—,40,4.075,"{'positive': 30, 'negative': 10}"
ç‚­æ³¢æ³¢Â·å–«èŒ¶ï¼ˆæ¯é€±ä¸€å…¬ä¼‘ï¼‰,40,4.45,"{'positive': 35, 'negative': 5}"
çƒ¤é£Ÿç…®ç›’ä¾¿ç•¶å±‹ (æ°‘ç”Ÿåº—)ã€ æœƒè­°å¥åº·é¤ç›’å°ˆè³£,20,4.35,"{'positive': 16, 'negative': 4}"
ç„¡åå¥½åƒæ’éª¨é£¯,3,4.666666666666667,{'positive': 3}
ç„¡åé¹¹æ°´é›,20,4.6,"{'positive': 18, 'negative': 2}"
ç„¡é‹ä¸æ¨‚,40,3.2,"{'positive': 22, 'negative': 18}"
ç„¡é›™è™Ÿéº»è¾£ç«é‹,20,4.5,"{'positive': 19, 'negative': 1}"
ç…å°å…„å¼Ÿ,20,4.6,"{'positive': 19, 'negative': 1}"
ç†Šç”˜ä¸¼,20,4.35,"{'positive': 17, 'negative': 3}"
ç†±ç¿»å¤©ç”ŸçŒ›æµ·é®®,20,3.5,"{'positive': 13, 'negative': 7}"
ç‡ˆç‡ˆåºµ Tou Tou An,20,3.95,"{'positive': 15, 'negative': 5}"
ç‡’è‚‰ä¸­å±±ï½œå°åŒ—ä¿¡ç¾©,20,4.45,"{'positive': 18, 'negative': 2}"
ç‡•æ¨“å°é¤¨,20,4.1,"{'positive': 15, 'negative': 5}"
ç‡Ÿé¤Šå¸«çš„å…‰åˆå»šæˆ¿,20,4.55,"{'positive': 18, 'negative': 2}"
çˆå­ç…®è³£æ‰€ Forno & Stufa,20,4.75,{'positive': 20}
çˆ­é®® gogo -æ™¯ç¾æ„›è²·åº—,20,3.55,"{'positive': 13, 'negative': 7}"
çˆ­é®®è¿´è½‰å£½å¸ ç§‘æŠ€åº—,20,3.0,"{'negative': 12, 'positive': 8}"
çˆ­é®®è¿´è½‰å£½å¸-å¤§å®‰åº—,20,3.3,"{'positive': 12, 'negative': 8}"
çˆ¶æ¯ FUMU CAFE & BAR,20,4.4,"{'positive': 18, 'negative': 2}"
ç‰›å¤§å“¥,19,4.157894736842105,"{'positive': 14, 'negative': 5}"
ç‰›å®¶æ‘ï½œå°åŒ—ç¾é£Ÿ50å¹´è€åº—æœ¬åœŸç‰›è‚‰æ–™ç†å°ˆç‡Ÿï½œ,20,3.8,"{'positive': 15, 'negative': 5}"
ç‰›å¯“,20,4.9,{'positive': 20}
ç‰¡ä¸¹ï¼æ¥µä¸Š å¤©ã·ã‚‰ï¼æœ¬åº—,20,4.85,"{'positive': 19, 'negative': 1}"
ç‰§ç€¨æ¤ç‰©ç³»ç”œé» vegan gluten free,2,5.0,{'positive': 2}
ç‹‚é­”ç‚’é£¯xé¤“é¬¼ç³§å€‰-æ–‡å±±åº—,20,3.15,"{'negative': 11, 'positive': 9}"
ç‹—ä¸€ä¸‹å±…é…’é£Ÿå ‚-å…¬é¤¨åº—,40,3.45,"{'positive': 22, 'negative': 18}"
ç‰å±±å“¡å·¥é¤å»³,3,2.3333333333333335,"{'negative': 2, 'positive': 1}"
ç‰æ¬£çç¾é£ŸåŠï½œå°åŒ—å¤§å®‰å€å°ç£å°åƒï½œ30å¹´è€åº—ï½œå¤§å®‰å€åª’é«”å ±å°ï½œå¤§å®‰å€æ¨è–¦å¿…åƒï½œ24å°æ™‚ç‡Ÿæ¥­ï½œå°ç£å¤æ—©å‘³,20,3.95,"{'positive': 14, 'negative': 6}"
ç‹å“ç‰›æ’ å°åŒ—å—äº¬æ±åº—,20,4.25,"{'positive': 17, 'negative': 3}"
ç‹æœé¤å»³ - å‡±æ’’å¤§é£¯åº—,20,4.45,"{'positive': 18, 'negative': 2}"
ç–äº”ç‰›è‚‰éºµ,20,3.25,"{'positive': 10, 'negative': 10}"
ç–é›-æ—©åˆé¤å°ˆå£²åº— æ—©/åˆé¤ã€è›‹æ²é¤…ã€åå¸ã€ç¾©å¼å’–å•¡ã€èŒ¶é£²,20,4.45,"{'positive': 16, 'negative': 4}"
çå“å°é¤¨,20,4.3,"{'positive': 18, 'negative': 2}"
çå¥½åƒæ——é­šç±³ç²‰æ¹¯,20,3.85,"{'positive': 14, 'negative': 6}"
ç­æ°è«¾ç¾©å¤§åˆ©é¤å»³,20,4.7,"{'positive': 19, 'negative': 1}"
ç†æƒ³ã€‚æ™‚å…‰,20,4.3,"{'positive': 16, 'negative': 4}"
ç‘å®‰è‡ªåŠ©é¤,20,2.7,"{'negative': 13, 'positive': 7}"
ç‘å®‰è±†æ¼¿å¤§ç‹,20,4.15,"{'positive': 17, 'negative': 3}"
ç‘è¨˜é›é£¯ 101åº—,20,4.45,"{'positive': 17, 'negative': 3}"
ç’‡ç’£é¤Šç”Ÿé£²å“èŒ¶åŠ,20,4.85,{'positive': 20}
ç“¦åŸæ³°åœ‹æ–™ç† - å°åŒ—å¾®é¢¨å—å±±åº—,20,3.65,"{'positive': 13, 'negative': 7}"
ç”˜éœ–æ¶¼éºµèˆ– å®‰å’Œåº—,20,4.45,"{'positive': 16, 'negative': 4}"
ç”Ÿæ´»åœ¨ä»–æ–¹-åŸå—åº— (ç„¡æ¥å—è¨‚ä½),20,4.85,{'positive': 20}
ç”©ä¸‰å°ç¾Šè‚‰å°ˆè³£åº—-æ•¦åŒ—åº—,20,4.25,"{'positive': 18, 'negative': 2}"
ç™¼ç¾ç¾©å¤§åˆ©éºµ,20,4.3,"{'positive': 19, 'negative': 1}"
ç™½æš®è›‹é¤…å…ˆç”Ÿ-æ•¦åŒ—ç¸½åº—,20,3.7,"{'positive': 11, 'negative': 9}"
ç™¾å®¶ç­æ´»è¦ (åŸºéš†è·¯åº—),20,3.4,"{'positive': 13, 'negative': 7}"
çš‡å“é¤å»³,20,4.85,{'positive': 20}
ç›Šç”Ÿå¯µæ„›å¯µç‰©é¤å»³,20,5.0,{'positive': 20}
çœŸå¥½å‘³çƒ¤é´¨èŠ,20,3.35,"{'positive': 12, 'negative': 8}"
çœŸèŠ³ç¾çƒ¤åå¸ å¤§å®‰å’Œå¹³åº— å°åŒ—æ—©é¤ä¸‰æ˜æ²»,20,4.5,"{'positive': 19, 'negative': 1}"
çœŸèŠ³ç¢³çƒ¤åå¸-æ°‘ç”Ÿæ•¦åŒ—åº— å°åŒ—æ—©é¤ä¸‰æ˜æ²»,20,4.45,"{'positive': 17, 'negative': 3}"
çœ·æ‘å‘³,20,3.0,"{'negative': 12, 'positive': 8}"
çŸ³äºŒé‹ å°åŒ—ä¿¡ç¾©åº—,20,3.8,"{'positive': 15, 'negative': 5}"
çŸ³æœ¬çŸ³æœ¬å¥³è‡£ æ–°ä¸–ä»£ä¸­å¼æ–™ç†,20,4.3,"{'positive': 14, 'negative': 6}"
çŸ³çŸ³é‹å‰µ,20,4.4,"{'positive': 16, 'negative': 4}"
çŸ³ç ”å®¤ çˆ†ç‚’çŸ³é ­ç«é‹ - å¾®é¢¨å—å±±åº—,20,4.6,"{'positive': 19, 'negative': 1}"
ç¢§æµ·å»šæˆ¿-ç‘å®‰åº—,20,4.05,"{'positive': 16, 'negative': 4}"
ç¢ºé£Ÿ824,20,4.7,"{'positive': 19, 'negative': 1}"
ç£çŸ³åŠ,20,4.7,{'positive': 20}
ç¥æ‚¨è¡Œé‹,40,3.3,"{'negative': 21, 'positive': 19}"
ç¥ä¾†ä¸€é‹-ç²¾ç·»é´›é´¦ç«é‹ å»ºåœ‹åº—-ä¸­å±±å¿…åƒé´›é´¦é‹|éº»è¾£ç«é‹|ç‰¹è‰²ç«é‹|äººæ°£é‹ç‰©|æµ·é®®ç«é‹|å¹³åƒ¹é‹ç‰©|ç†±é–€é‹ç‰©,20,4.85,{'positive': 20}
ç¥æ¨‚å±‹ é…’â€¢å’Œé£Ÿ,20,4.45,"{'positive': 17, 'negative': 3}"
ç¥ç‡ˆæ“ä¸€ä¸‹,40,4.4,"{'positive': 37, 'negative': 3}"
ç¥ç§˜ä¾¿ç•¶-æ¾å±±ç‰¹è‰²ä¾¿ç•¶|æœƒè­°é¤ç›’|å¤–é€é¤ç›’|å®¢è£½é¤ç›’|ç²¾ç·»é¤ç›’|å•†å‹™ä¾¿ç•¶|å¤–å¸¶é¤ç›’|é«˜ç´šæœƒè­°é¤ç›’,20,4.95,{'positive': 20}
ç¥¥å’Œè”¬é£Ÿæ–™ç†ï¼ˆæ…¶åŸåº—ï¼‰,20,4.55,{'positive': 20}
ç¥¥å’Œè”¬é£Ÿæ–™ç†ï¼ˆé®æ±Ÿåº—ï¼‰,20,4.85,{'positive': 20}
ç¥¥ç¦é¤å»³,20,4.4,"{'positive': 17, 'negative': 3}"
ç¦äºŒæ¼¢å ¡è£½é€ æ‰€,40,4.175,"{'positive': 31, 'negative': 9}"
ç¦åˆ©é¤å»³,20,4.35,"{'positive': 18, 'negative': 2}"
ç¦å‹äº­ ç§‘æŠ€å¤§æ¨“åº—,20,3.8,"{'positive': 14, 'negative': 6}"
ç¦ç¾é˜¿å§¨çš„åº— Auntie Fumei's,20,3.95,"{'positive': 14, 'negative': 6}"
ç¦é¼æ¹¯åŒ…åº—,20,3.7,"{'positive': 14, 'negative': 6}"
ç¦¾åœ’527ç¾é£Ÿåº—,20,4.45,"{'positive': 17, 'negative': 3}"
ç¦¾æ¬£é¤Šç”Ÿè†³åŠ,20,4.6,"{'positive': 18, 'negative': 2}"
ç¦¾ç‰§ Home - éºµé£Ÿæ–™ç†/æ™¯ç¾åº—,20,4.65,"{'positive': 19, 'negative': 1}"
ç¦¾è±æ—¥å¼æ¶®æ¶®é‹,20,4.6,"{'positive': 18, 'negative': 2}"
ç§‹é¢¨è»’é‹ç‰© æ¾å±±åº—,20,4.25,"{'positive': 18, 'negative': 2}"
ç§˜å¾‘å°é£Ÿå…‰,40,4.025,"{'positive': 30, 'negative': 10}"
ç¨®ç¦åœ’æ–¤é¤…ç‰›è‚‰åº— æ‡·å¯§æœ¬åº—,20,3.7,"{'positive': 14, 'negative': 6}"
ç¨»å’–å“©,40,4.5,"{'positive': 36, 'negative': 4}"
ç¨»èˆé£Ÿé¤¨ è¿ªåŒ–åº—,20,4.7,{'positive': 20}
ç¨»é¦™é£Ÿå ‚,20,4.2,"{'positive': 17, 'negative': 3}"
ç©ºç›¤ komboi,20,4.85,"{'positive': 19, 'negative': 1}"
çª©çª©å’–å•¡å»³ wooo cafe,20,4.35,"{'positive': 17, 'negative': 3}"
ç«‹æ³•é™¢åœ‹æœƒåº·åœ’é¤å»³,20,4.65,{'positive': 20}
ç«‹ç§‹ Li Chiu,20,4.4,"{'positive': 16, 'negative': 4}"
ç«™é£Ÿå¯ä»¥,40,4.375,"{'positive': 35, 'negative': 5}"
ç«¹é‡Œé¤¨ | å°åŒ—èŒ¶è—é¤¨,20,4.4,"{'positive': 18, 'negative': 2}"
ç¯‰æœ¬å±‹å…¬é¤¨åº—,40,4.225,"{'positive': 34, 'negative': 6}"
ç¯‰é®®ç«é‹-è‚‰å“æµ·é®®å°ˆè³£åº—,20,3.9,"{'positive': 14, 'negative': 6}"
ç±³æ¾¤è£½éºµYoUdon(å°åŒ—å…¬é¤¨åº—)-è®šå²çƒé¾éºµå°ˆé–€åº—,40,4.025,"{'positive': 30, 'negative': 10}"
ç±³ç±³æ‘ éŸ“å¼æ‹Œé£¯å°ˆé–€åº— å¤–é€ä¾¿ç•¶ è±†è…ç…² å…¬é¤¨ç¾é£Ÿ,40,3.825,"{'positive': 26, 'negative': 14}"
ç±³é£Ÿ ë¯¸ì‹,20,3.75,"{'positive': 11, 'negative': 9}"
ç²—å ¡æ¼¢å ¡æ’,20,4.5,"{'positive': 17, 'negative': 3}"
ç²¥å¤©ä¸‹ï¼ˆç²¥å¤©ç¦ï¼‰,20,4.05,"{'positive': 16, 'negative': 4}"
ç´…ä¹ä¹å€‹äººéº»è¾£é´›é´¦é‹,20,4.45,"{'positive': 19, 'negative': 1}"
ç´…æœ¨å±‹-æ–‡å±±ç†±ç‚’æ¨è–¦|åˆèœèœå»³|å®¶æ—èšé¤æ¨è–¦|åœ¨åœ°æ¨è–¦|è²“ç©ºç‰¹è‰²é¤å»³|ç†±é–€é¤å»³|æ™¯è§€é¤å»³|äººæ°£é¤å»³,20,4.7,"{'positive': 18, 'negative': 2}"
ç´…æ©˜å­ç²¾ç·»æ—©åˆé¤ æ¾å±±æ•¦åŒ—åº—,20,3.95,"{'positive': 14, 'negative': 6}"
ç´…ç‰›å±‹,20,4.8,"{'positive': 19, 'negative': 1}"
ç´…èˆç§æˆ¿èœ(æ˜ŸæœŸæ—¥å›ºå®šåº—ä¼‘)/restaurants/å°åŒ—ç¾é£Ÿ/å°åŒ—æ¨è–¦é¤å»³/å°åŒ—å®¶åº­èšé¤/å°åŒ—åˆèœ/å°åŒ—æ¾å±±å€ç¾é£Ÿ,20,4.7,"{'positive': 19, 'negative': 1}"
ç´…è±†é£Ÿåºœ[å‰µå§‹åº—]-é ä¼åº—,20,3.8,"{'positive': 13, 'negative': 7}"
ç´”æ·¨é£Ÿä»£Pure Eraå¥åº·é¤ç›’,20,3.7,"{'positive': 12, 'negative': 8}"
ç´ åŒ¯é›…é›†,20,4.7,"{'positive': 19, 'negative': 1}"
ç´«è‰·ä¸­é¤å»³,20,4.4,"{'positive': 16, 'negative': 4}"
ç¶­å‚‘ å°åº¦é¤å»³,20,4.85,"{'positive': 19, 'negative': 1}"
ç¾…ç´ ç¾©å¼ç°¡é¤,40,4.525,"{'positive': 35, 'negative': 5}"
ç¾å‘³æ—©åˆé¤,20,4.7,"{'positive': 19, 'negative': 1}"
ç¾çè±†æ¼¿æ—©é¤åº—,20,4.7,"{'positive': 19, 'negative': 1}"
ç¾ç¦å¿ƒç‰›è‚‰éºµ,20,4.45,"{'positive': 19, 'negative': 1}"
ç¾©æ¨‚éºµå±‹,40,3.9,"{'positive': 28, 'negative': 12}"
ç¾©é¥—å±‹ di CaSa å°åŒ—ä¿¡ç¾©é ç™¾åº—,20,3.7,"{'positive': 11, 'negative': 9}"
ç¿ è–ªè¶Šå—é¤å»³ MadameJill's Vietnamese Cuisine,40,3.75,"{'positive': 24, 'negative': 16}"
ç¿¡å†·ç¿ ç¾©å¼é¤å»³,20,4.6,"{'positive': 17, 'negative': 3}"
è€å…ˆè¦ºåŠŸå¤«çª¯ç‡’é‹å°åŒ—å…¬é¤¨åº—,40,3.15,"{'positive': 21, 'negative': 19}"
è€å‘³é“é‹ç‰©,20,4.5,"{'positive': 18, 'negative': 2}"
è€å“¥é›è‚‰é£¯ä¹¾æ‹Œéºµ,20,4.25,"{'positive': 17, 'negative': 3}"
è€è‘‰ç‰›è‚‰éºµå‰µå§‹åº—,20,3.8,"{'positive': 13, 'negative': 7}"
è€è™ç‚¸è±¬æ’,20,4.2,"{'positive': 15, 'negative': 5}"
è€è¡—å°ç£å°åƒ,13,1.9230769230769231,"{'negative': 11, 'positive': 2}"
è€é„’åˆ€åˆ‡éºµ å¤§å®‰,20,3.95,"{'positive': 13, 'negative': 7}"
è€éª¨é—†-è—¥ç‡‰å°ˆé–€åº—,20,4.35,"{'positive': 16, 'negative': 4}"
èšåœ’é¤å»³,20,4.3,"{'positive': 16, 'negative': 4}"
è‚‰å¤šå¤šç«é‹-å°åŒ—æ™¯ç¾åº—,20,4.0,"{'positive': 15, 'negative': 5}"
è‚‰è€å¤§é ‚ç´šè‚‰å“æ¶®æ¶®é‹ å°åŒ—å¤§å®‰ç«é‹åº—| æ•¦å—,20,4.9,"{'positive': 19, 'negative': 1}"
è‚¥è±šå±‹è±¬æ’é£Ÿå ‚,20,4.5,"{'positive': 19, 'negative': 1}"
è‚¯å¾·åŸº- å°åŒ—å¾©èˆˆå—é¤å»³,20,2.2,"{'negative': 14, 'positive': 6}"
èƒ–å¤«å¦»æ—¥å¼æ–™ç†,20,4.05,"{'positive': 14, 'negative': 6}"
èƒ–è‚šè‚šç‡’è‚‰ å¤§å®‰åº—,20,3.8,"{'positive': 14, 'negative': 6}"
èƒ½é‡å°å§ å°åŒ—è¥„é™½ ç›´ç‡Ÿé–€å¸‚ ä½å¡é¤ç›’|ä½è„‚ä¾¿ç•¶|å¥èº«é¤ç›’|å¥åº·é¤ç›’|å•†å‹™ä¾¿ç•¶|å¿…åƒä¾¿ç•¶|æ¸›è„‚é¤|ä½å¡ç¾é£Ÿ,20,3.35,"{'positive': 10, 'negative': 10}"
è‡ªç„¶é¢¨ç²¾å“æ–™ç† Shabu Shabu,20,4.7,"{'positive': 19, 'negative': 1}"
è‡ªç”±é…’é£Ÿ çœŸå®Ÿ by AKT,20,4.4,"{'positive': 17, 'negative': 3}"
è‡ºä¸€ç‰›å¥¶å¤§ç‹,40,3.825,"{'positive': 26, 'negative': 14}"
è‡ºåŒ—å¸‚å…¬é¤¨è§€å…‰å¤œå¸‚,40,4.425,"{'positive': 37, 'negative': 3}"
è‡ºè™ å•œé£²å®¤å¤§å®‰,20,4.55,"{'positive': 19, 'negative': 1}"
èˆˆè‘‰èšµä»”ç…101åº—,20,2.45,"{'negative': 16, 'positive': 4}"
èˆ’æ›¼å…­è™Ÿé¤é¤¨ å‹•ç‰©åœ’æ”¿å¤§åº—,20,4.05,"{'positive': 15, 'negative': 5}"
èˆ’é©åœˆï¼Comfortzone,20,4.5,"{'positive': 17, 'negative': 3}"
è‰¯è¨˜åä¸‰é¦™,20,4.55,"{'positive': 18, 'negative': 2}"
è‰¾é‡Œç¿å»šæˆ¿ç§æˆ¿æ–™ç†ã€æ°´ç”¢ã€æ´»é«”ï¼ˆç„¡å…§ç”¨ï¼‰,20,4.5,"{'positive': 18, 'negative': 2}"
èŠåŠ å“¥æ¯”è–©,20,4.35,"{'positive': 19, 'negative': 1}"
èŠç”Ÿé£Ÿå ‚ æ°‘ç”Ÿç¤¾å€åº—(åƒ…æ¥å—é›»è©±è¨‚ä½),20,4.4,"{'positive': 18, 'negative': 2}"
èŠ±å¨˜å°é¤¨ï¼ˆå‰µå§‹åº—ï¼‰,20,4.6,"{'positive': 19, 'negative': 1}"
èŠ±æ¼¾è–‡æ¼«é¤å»³,40,4.15,"{'positive': 33, 'negative': 7}"
èŠ±è“®æ‰é£Ÿæç‹éº»è¾£æ¹¯å“,20,3.95,"{'positive': 15, 'negative': 5}"
èŠ±é¦™å»³(éµæ¿ç‡’)-å…„å¼Ÿå¤§é£¯åº—,20,4.3,"{'positive': 17, 'negative': 3}"
è‹±å€«ç”¢å¾Œè­·ç†ä¹‹å®¶ å¤§å®‰é¤¨,20,5.0,{'positive': 20}
èŒ‚åœ’é¤å»³,20,4.45,"{'positive': 18, 'negative': 2}"
èŒ¹çµ²è‘µç¾å¼ç‰›æ’ï¼ˆå°åŒ—æ°‘ç”Ÿåº—ï¼‰,20,4.75,"{'positive': 19, 'negative': 1}"
è‰æ ¹æ—©åˆé¤ TOUCH WOOD,40,4.275,"{'positive': 30, 'negative': 10}"
è‰è©æç´ é£Ÿæ‹‰éºµ,20,4.25,"{'positive': 16, 'negative': 4}"
èŠå®¶ç­éº»æ²¹é›-å…¬é¤¨åº—,40,4.15,"{'positive': 33, 'negative': 7}"
è«å¤å°åº¦é¤å»³å¤§å®‰åº— MOKSHAA indian restaurant-daan branch Taipei,20,4.55,"{'positive': 19, 'negative': 1}"
è«çˆ¾é “ç‰›æ’é¤¨,20,3.9,"{'positive': 14, 'negative': 6}"
èŠä¹ƒå±‹KIKUNOYAï¼ˆå¤§å®‰åº—ï¼‰,20,4.0,"{'positive': 15, 'negative': 5}"
èŒå¤ªåˆ©å°å°¼æ–™ç†,18,3.888888888888889,"{'positive': 12, 'negative': 6}"
è‘‰å…¬é¤¨æ»¬èœ,20,4.25,"{'positive': 17, 'negative': 3}"
è”¬è“in,20,4.5,"{'positive': 19, 'negative': 1}"
è–›æ™ºå‰çŒ¶å¤ªç¤¾å€ä¸­å¿ƒ,20,4.85,{'positive': 20}
è—å®¶å‰²åŒ…,60,3.8333333333333335,"{'positive': 44, 'negative': 16}"
è—å¥‡,20,4.0,"{'positive': 14, 'negative': 6}"
è˜‡æ­é¤å»³ æ¿Ÿå—åº—,20,4.45,"{'positive': 18, 'negative': 2}"
è˜‡è‰salvia,20,4.6,"{'positive': 18, 'negative': 2}"
è˜­äº­ç‡’è‚‰ å’Œç‰›æ¥µç·»æ–™ç† |å¯µç‰©å‹å–„| å°ˆäººç„¡æ²¹ç…™ç‡’çƒ¤,20,4.5,"{'positive': 17, 'negative': 3}"
è›‹è›‹æ—©é¤åº—,20,3.2,"{'positive': 11, 'negative': 9}"
èœ€æ¸ç‰›è‚‰éºµ,20,4.65,"{'positive': 19, 'negative': 1}"
è ¶å±…ç”Ÿæ´»ç¾é£Ÿ,40,4.525,"{'positive': 35, 'negative': 5}"
è£¸æ¹¯æ‹‰éºµÂ·é›ç™½æ¹¯(å’Œå¹³åº—),20,4.35,"{'positive': 18, 'negative': 2}"
è¥¿å ¤ç‰›æ’ å°åŒ—é‡æ…¶å—åº—,20,4.25,"{'positive': 16, 'negative': 4}"
è¥¿è—å»šæˆ¿,20,4.4,"{'positive': 19, 'negative': 1}"
è¦“ç³– Mi Tang æ–‡å±±æ”¿å¤§åº— ( å†° | èŒ¶ | æµ·é¹½èŠå£« | é›ªèŠ±å†° | ä»™è‰å‡ |ç¾é£Ÿ | ä¸‹åˆèŒ¶ | é»å¿ƒ | é£²æ–™ | ç”œé» | æ¨è–¦ | äººæ°£ | è²“ç©º | å‹•ç‰©åœ’),20,4.0,"{'positive': 15, 'negative': 5}"
è¦ªä¾†é£Ÿå ‚,20,4.15,"{'positive': 15, 'negative': 5}"
è§’å±‹é—œæ±ç…®,20,4.45,"{'positive': 17, 'negative': 3}"
è¨˜å¾—æˆ‘ï¼cafÃ©,20,4.95,{'positive': 20}
èªªæ•…äº‹é»ƒé‡‘é›æ¹¯é‹ï¼ˆå°åŒ—å¤§å®‰å€å¿…åƒç«é‹æ¨è–¦ï¼å°åŒ—æ±å€å¿ å­æ±è·¯èšé¤é¤å»³ï¼åŠå¤œå¥½åƒå‡Œæ™¨å®µå¤œç¾é£Ÿï¼‰,20,4.15,"{'positive': 15, 'negative': 5}"
è¬™å®‰å’Œ Ken Anho,20,4.1,"{'positive': 15, 'negative': 5}"
è¬è¨˜çå¯¶é£Ÿå“èŠ,20,4.6,{'positive': 20}
è­˜é£Ÿé¤å®¤ ZEST DINER,20,4.25,"{'positive': 15, 'negative': 5}"
è±ç››é£Ÿå ‚,20,4.6,"{'positive': 18, 'negative': 2}"
è±”é™½ä¸‹ç¾©å¤§åˆ©é¤å»³ -å°åŒ—ç¾©å¤§åˆ©é¤å»³ å°åŒ—ç¾©å¼é¤é…’é¤¨ å°åŒ—ç¾©å¼pizza ä¸­å±±å€ç¾é£Ÿ ä¸­å±±å€ç¾©å¼é¤å»³ å¤§ç›´é¤å»³ å¤§ç›´ç¾é£Ÿ å¤§ç›´ç¾©å¤§åˆ©é¤å»³ å¤§ç›´é¤é…’é¤¨ å¤§ç›´pizza,20,4.7,"{'positive': 19, 'negative': 1}"
è±ªé¦™ç†±ç‚’,20,3.75,"{'positive': 15, 'negative': 5}"
è±¬å¿«é€ƒ,20,4.6,"{'positive': 18, 'negative': 2}"
è²“ä¸‹å»æ•¦åŒ—ä¿±æ¨‚éƒ¨,20,4.2,"{'positive': 14, 'negative': 6}"
è²“ç©ºå°æœ¨å±‹,20,4.65,"{'positive': 18, 'negative': 2}"
è²“ç©ºå±±æ°´å®¢æ™¯è§€èŒ¶é¤¨,20,4.9,{'positive': 20}
è²“ç©ºèŒ¶å±‹,20,4.55,{'positive': 20}
è²“ç©ºé›™æ©¡åœ’èŒ¶åŠ,20,4.1,"{'positive': 15, 'negative': 5}"
è²“ç©ºé¾é–€å®¢æ£§,20,4.3,"{'positive': 16, 'negative': 4}"
è²“çºœæ™¯è§€é¤å»³,20,4.2,"{'positive': 18, 'negative': 2}"
è²“è•Šï¼è²“å’ªé¤å»³,20,4.8,{'positive': 20}
è³ˆç¦å»šæˆ¿ JFULL,20,4.8,"{'positive': 19, 'negative': 1}"
èµ¤ç¥æ—¥å¼è±¬æ’å…¬é¤¨åº—,40,4.275,"{'positive': 32, 'negative': 8}"
èµ¤è± è”¬åŠ,20,4.55,"{'positive': 18, 'negative': 2}"
è¶Šå—å¤§é£Ÿé¤¨,20,3.35,"{'positive': 11, 'negative': 9}"
è¶Šå—æ²³ç²‰,20,4.05,"{'positive': 17, 'negative': 3}"
è¶Šå—æ²³ç²‰ - å—å“¥è¶Šå—æ²³ç²‰,20,4.45,"{'positive': 19, 'negative': 1}"
è¶Šé®®è¶Šå—ç¾é£Ÿé¤¨,20,4.4,"{'positive': 19, 'negative': 1}"
è·¯æ˜“è å¤§å®‰é–€å¸‚,20,2.3,"{'negative': 14, 'positive': 6}"
èº¼è…³æ—¥å¼æ–™ç†,20,3.85,"{'positive': 14, 'negative': 6}"
è¼”ä»å¤§å­¸å¿ƒåœ’é¤å»³,19,4.894736842105263,"{'positive': 18, 'negative': 1}"
è¼”å¤§æ·é‹2è™Ÿå‡ºå£-å£«æ—æ°´ç…åŒ…,20,4.8,{'positive': 20}
è¼”å¤§èˆˆå¾·å±æ±å¤œå¸‚è±†èŠ±,20,4.45,"{'positive': 18, 'negative': 2}"
è¼•ç‡’è‡˜,20,3.4,"{'positive': 10, 'negative': 10}"
è¾›æ®¿éº»è¾£é‹ï½œå…¬é¤¨åº—,40,3.85,"{'positive': 29, 'negative': 11}"
è¾£å‰é»æ­£å®—æˆéƒ½ä¸²ä¸²é¦™,20,4.55,"{'positive': 18, 'negative': 2}"
è¾£æ¤’å¤šä¸€é»éº»è¾£é‹ç‰©é¤Šç”Ÿé‹,20,4.5,"{'positive': 17, 'negative': 3}"
è¾£é©•å…ˆç”Ÿ-å·å‘³éº»è¾£ç‡™,20,4.05,"{'positive': 15, 'negative': 5}"
è¾²ç²¹æ—¥å¼å’–å“© / æ¼«æ‹¾æ³¡èŠ™,20,4.35,"{'positive': 17, 'negative': 3}"
è¿‘è—¤æ—¥å¼é£¯ç³°ï¼ˆå¤§åŒåº—ï¼‰,20,4.85,{'positive': 20}
é€™ä¸€é‹ å°åŒ—ä¿¡ç¾©æ®¿,20,4.45,"{'positive': 17, 'negative': 3}"
é€™å‘³æ³°æ³° Mrs. Thai Thai- å¾©å—é–€å¸‚,20,4.0,"{'positive': 16, 'negative': 4}"
é‹éˆæ ¹æ¹¯ ä¿¡ç¾©åº—,20,4.05,"{'positive': 15, 'negative': 5}"
é ä¼è³¼ç‰©ä¸­å¿ƒ,20,4.0,"{'positive': 15, 'negative': 5}"
é æ±CAFÃ‰,20,3.5,"{'positive': 11, 'negative': 9}"
é æ±å¥èº«ä¿±æ¨‚éƒ¨ ï¼ˆThe Health Clubï¼‰,11,4.454545454545454,"{'positive': 10, 'negative': 1}"
é‚£æ¯”é¤åŠ,20,4.65,"{'positive': 18, 'negative': 2}"
é‚¦é£Ÿå ‚,20,4.2,"{'positive': 15, 'negative': 5}"
é„’è¨˜é£Ÿèˆ–,20,4.7,"{'positive': 19, 'negative': 1}"
é…£ç„¶,20,4.55,"{'positive': 17, 'negative': 3}"
é†åŒç‡’è‚‰å¤œé£Ÿ-èƒ¡åŒç‡’è‚‰5è™Ÿåº—,20,3.75,"{'positive': 12, 'negative': 8}"
é‡‡å²³è»’é‡æ…¶æŠ„æ‰‹éºµé£Ÿ,20,3.95,"{'positive': 14, 'negative': 6}"
é‡Œå…‹å¾·ç¾©å»šæˆ¿,20,4.8,{'positive': 20}
é‡é †å·èœé¤å»³,40,4.075,"{'positive': 32, 'negative': 8}"
é‡é¤å»šæˆ¿ PIQUE NIQUEï½œå°åŒ—ç¾©å¤§åˆ©éºµãƒ»ç‡‰é£¯ãƒ»å’–å•¡,20,4.7,{'positive': 20}
é‡‘Qé£¯ç³°ã€Šè„†çš®è›‹é¤…ï½œç‚’æ³¡éºµï½œå¤–é€æœå‹™ã€‹å…¬ä¼‘12/14,20,4.25,"{'positive': 15, 'negative': 5}"
é‡‘å­åŠä¹‹åŠ© å¾®é¢¨åŒ—è»Šåº—,20,3.85,"{'positive': 13, 'negative': 7}"
é‡‘å¿…å¤šæ—©é¤åº—,20,4.25,"{'positive': 16, 'negative': 4}"
é‡‘æ¹˜å°ç£å°åƒ,20,3.85,"{'positive': 12, 'negative': 8}"
é‡‘è‰²ä¸‰éº¥ è‡ºåŒ—äº¬ç«™åº—,20,4.0,"{'positive': 16, 'negative': 4}"
é‡‘è³è»’ ç²¾ç·»æµ·é®®å°èœ ï¼ˆTaiwanese Cuisine),20,4.75,{'positive': 20}
é‡‘é­šæ—¥æœ¬æ–™ç†,20,4.1,"{'positive': 17, 'negative': 3}"
é‡œå±±é †è±†è…(å¾®é¢¨å—å±±åº—),20,3.65,"{'positive': 11, 'negative': 9}"
éˆºå–„é–£ â€§ ç´  â€§ é¤Šç”Ÿæ‡·çŸ³(å°åŒ—åº—),20,4.5,"{'positive': 18, 'negative': 2}"
éŠ€åº§æå­æ—¥å¼è±¬æ’ - å°åŒ—101åº—,20,2.7,"{'negative': 12, 'positive': 8}"
é–‹é£¯å·é£Ÿå ‚ å¾®é¢¨å—å±±åº—,20,4.25,"{'positive': 16, 'negative': 4}"
é˜œæ­è±†æ¼¿,20,3.95,"{'positive': 16, 'negative': 4}"
é˜®å®¶å¨åŠ(æ•¦åŒ—ç¸½åº—),20,3.8,"{'positive': 14, 'negative': 6}"
é˜¿å§ã„Ÿåº— ç¢³çƒ¤ä¸‰æ˜æ²» ä¿¡ç¾©åº—,20,3.15,"{'negative': 11, 'positive': 9}"
é˜¿å¬Œæµ·é®®æ–™ç†,20,3.75,"{'positive': 16, 'negative': 4}"
é˜¿å®˜ç«é‹å°ˆå®¶-å°åŒ—101æ——è‰¦åº—,20,3.45,"{'positive': 10, 'negative': 10}"
é˜¿å±±å“¥éºµé£¯,20,4.15,"{'positive': 17, 'negative': 3}"
é˜¿å·èšµä»”éºµç·š,20,4.0,"{'positive': 15, 'negative': 5}"
é˜¿å¾·å”å” Uncle DASH (å¤§å®‰åº—),20,3.8,"{'positive': 12, 'negative': 8}"
é˜¿å¿—é£¯åœ˜,11,4.545454545454546,"{'positive': 10, 'negative': 1}"
é˜¿æœå»šæˆ¿,20,3.7,"{'positive': 11, 'negative': 9}"
é˜¿æ³‰éºµç·š è‡­è±†è…,20,3.55,"{'positive': 11, 'negative': 9}"
é˜¿ç‰æ°´é¤ƒ (ç”Ÿæ°´é¤ƒå°ˆè³£åº—),20,3.9,"{'positive': 14, 'negative': 6}"
é˜¿ç”°éºµ,20,4.35,"{'positive': 18, 'negative': 2}"
é˜¿ç¾©å¸«çš„å¤§èŒ¶å£ºèŒ¶é¤å»³ï¼œ1æ¨“ï¼å…¬ä¼‘æ—¥ä»¥FBå…¬å¸ƒç‚ºä¸»ã€‚å°åŒ—æ™¯è§€é¤å»³ å°åŒ—æ™¯é» è²“ç©ºç¾é£Ÿ è²“ç©ºç¾é£Ÿæ¨è–¦ è²“ç©ºé¤å»³ è²“ç©ºå¿…åƒ,20,4.3,"{'positive': 17, 'negative': 3}"
é˜¿è‹±æµ·ç”¢ç²¥,20,4.8,{'positive': 20}
é˜¿è–„éƒå°å¼å°é…’é¤¨ï¼å…¬é¤¨åº—,40,3.975,"{'positive': 29, 'negative': 11}"
é˜¿é”å¸«äº”æ˜Ÿéºµèˆ–,9,4.666666666666667,{'positive': 9}
é˜¿é”å¸«äº”æ˜Ÿéºµèˆ– å°åŒ—101åº—,20,3.65,"{'positive': 11, 'negative': 9}"
é˜¿é‡Œåª½åª½å—æ´‹æ–™ç†,40,4.55,{'positive': 40}
é˜¿éŒ¦é«˜éº—èœé£¯ï¼ŒåŸå‘³æ’éª¨æ¹¯,20,4.15,"{'positive': 17, 'negative': 3}"
é˜¿é‘«å°æ–™ç†,20,3.95,"{'positive': 14, 'negative': 6}"
é˜¿é´»è±†èŠ±-éŒ¦å·åº—,20,4.4,"{'positive': 16, 'negative': 4}"
é™³è¨˜è¶Šå—ç‰›è‚‰æ²³ç²‰ğŸ“¢ï¼ˆ12/19-12/24 åº—ä¼‘6å¤©è€é—†å›è¶Šå—ï¼‰ğŸ“¢,20,4.85,"{'positive': 19, 'negative': 1}"
é™¶æ¿å±‹ å°åŒ—é‡æ…¶å—åº—,20,4.3,"{'positive': 18, 'negative': 2}"
é™¶ç„¶äº­é¤å»³,20,4.05,"{'positive': 15, 'negative': 5}"
é™¶èŠ±åœ’è¼”å¤§è±¬æ’ï¼ˆè¼”å¤§åº—ï¼‰,20,3.85,"{'positive': 15, 'negative': 5}"
é™¸å…‰å¤§å§,20,4.4,"{'positive': 17, 'negative': 3}"
é™¸å…‰å°åƒé¤¨,20,4.2,"{'positive': 18, 'negative': 2}"
é™½æ˜æ˜¥å¤©ãƒ»è®€è”¬æœƒ,20,4.4,"{'positive': 17, 'negative': 3}"
éš¨æ„å°åƒ,3,3.6666666666666665,"{'positive': 2, 'negative': 1}"
éš¨æ„é³¥åœ°æ–¹101æ™¯è§€é¤å»³,20,4.25,"{'positive': 16, 'negative': 4}"
éš±å®¶æ‹‰éºµ å…¬é¤¨åº—,40,4.575,"{'positive': 37, 'negative': 3}"
éš±å®¶æ‹‰éºµ èµ¤å³°åº—,20,4.35,"{'positive': 19, 'negative': 1}"
éš¼é®¨ æ—¬æ–™ç†,20,4.65,"{'positive': 18, 'negative': 2}"
é›…å®¤ç‰›æ’ ä»æ„›åœ“ç’°åº—,20,4.25,"{'positive': 16, 'negative': 4}"
é›…é–£,20,4.3,"{'positive': 16, 'negative': 4}"
é›™æœˆé£Ÿå“ç¤¾ æ£®æ—å…¬åœ’åº—,20,4.7,"{'positive': 19, 'negative': 1}"
é›™æœˆé£Ÿå“ç¤¾ æ¿Ÿå—åº—,20,4.3,"{'positive': 17, 'negative': 3}"
é›™æœˆé£Ÿå“ç¤¾ é’å³¶åº—,20,4.45,"{'positive': 16, 'negative': 4}"
é›™é†¬å’–å“© å°åŒ—å°å·¨è›‹åº—,20,4.55,"{'positive': 18, 'negative': 2}"
é›åŠ é…’ è¼”å¤§åº—,20,3.5,"{'positive': 13, 'negative': 7}"
é›è€é—† æ¡¶ä»”é› è¬éš†åº—,20,4.1,"{'positive': 16, 'negative': 4}"
é›ªåŸéº»è¾£ç‡™ (è¼”å¤§åº—),20,2.9,"{'negative': 12, 'positive': 8}"
é›ªå¶½å±±éŸ“å¼æ–™ç†,20,3.4,"{'positive': 10, 'negative': 10}"
é›ªçƒå’–å•¡ æ°‘ç”Ÿåº—,20,4.55,"{'positive': 18, 'negative': 2}"
é›²é¦™äº­,60,4.4,"{'positive': 52, 'negative': 8}"
éœœ è¶Šå—æ²³ç²‰ä¿¡ç¾©åº—,20,3.65,"{'positive': 12, 'negative': 8}"
é’å±±ç´ é£Ÿé¤¨,20,4.85,{'positive': 20}
é’èŠ±é©•éº»è¾£é‹ å°åŒ—å…‰å¾©å—åº—,20,4.8,"{'positive': 19, 'negative': 1}"
é’éš…,20,4.7,"{'positive': 18, 'negative': 2}"
éœå£½å¸,40,4.35,"{'positive': 34, 'negative': 6}"
é´å­ç¾©å¤§åˆ©é¤é¤¨ è¼”å¤§åº—,20,3.25,"{'negative': 11, 'positive': 9}"
éŸ“åœ‹é¦–çˆ¾å°åƒ,20,4.55,"{'positive': 19, 'negative': 1}"
éŸ“å¤§ä½¬,20,4.1,"{'positive': 16, 'negative': 4}"
éŸ“å¤©é–£,40,3.825,"{'positive': 29, 'negative': 11}"
éŸ“åº­å·éŸ“åœ‹æ–™ç†,40,3.95,"{'positive': 27, 'negative': 13}"
éŸ“çŸ³é‹,20,3.65,"{'positive': 15, 'negative': 5}"
éŸ“èšé£Ÿ,20,4.05,"{'positive': 16, 'negative': 4}"
éŸ“è¯åœ’ éŸ“å¼ä¸­è¯æ–™ç†â€”æ°‘æ¬Šåº—,20,4.3,"{'positive': 18, 'negative': 2}"
éŸ“è’”HAN SHIH,20,3.4,"{'positive': 13, 'negative': 7}"
éŸ“é£Ÿä¹‹å®¶,20,3.95,"{'positive': 14, 'negative': 6}"
é å°é¤¨,20,4.75,"{'positive': 18, 'negative': 2}"
é †å„„é®ªé­šå°ˆè³£åº—-é•·å®‰åº—,20,3.75,"{'positive': 14, 'negative': 6}"
é †å£ç‰›è‚‰éºµ,20,3.1,"{'negative': 11, 'positive': 9}"
é †åœ’å°é¤¨,40,4.0,"{'positive': 31, 'negative': 9}"
é †ç¾©éµè‚‰ æ°‘æ¬Šåº—,20,3.95,"{'positive': 15, 'negative': 5}"
é Œä¸¹æ¨‚ æ³°å¼ä¼Šå–„æ–™ç†,20,3.75,"{'positive': 15, 'negative': 5}"
é¡˜æœ‰è¨˜å°å¤§åº—,20,4.45,"{'positive': 18, 'negative': 2}"
é£›é©’æ¶®æ¶®é‹,20,4.9,"{'positive': 19, 'negative': 1}"
é£Ÿä»¤shabu,20,4.25,"{'positive': 16, 'negative': 4}"
é£Ÿå‹¾ä¼Šã®å¼å½“,20,4.95,{'positive': 20}
é£Ÿé‡‡é›†æ€(æ°‘ç”Ÿåº—),20,4.7,"{'positive': 19, 'negative': 1}"
é£Ÿé¼éµè‚‰,20,3.95,"{'positive': 16, 'negative': 4}"
é£¯ç³°éœ¸,20,4.4,"{'positive': 18, 'negative': 2}"
é£½å‘³äº­è…¿åº«é£¯&ç†±ç‚’ä¾¿ç•¶,20,3.9,"{'positive': 13, 'negative': 7}"
é¤˜å‘³ï¼ˆyumï¼‰é¤é£²,20,3.8,"{'positive': 15, 'negative': 5}"
é¤µæˆ‘æ—©é¤ The Whale å…¬åœ’åº—,20,4.4,"{'positive': 17, 'negative': 3}"
é¤µæˆ‘æ—©é¤ The Whale å¤§å®‰åº— (ä¸æ¥å—è¨‚ä½),20,4.2,"{'positive': 17, 'negative': 3}"
é¥ƒé¥ƒå™ å¿ƒå‹•è‚‰å¤¾é¥ƒï¼ˆå¤§å®‰ä¿¡ç¾©åº—ï¼‰,20,3.9,"{'positive': 13, 'negative': 7}"
é¥—æ—… Miss You Brunch & Cafe' | å‡æ—¥çš†ç¾å ´å€™ä½ / æœ€å¾Œé»é¤æ™‚é–“ç‚ºç‡Ÿæ¥­æ™‚é–“æœ€å¾Œä¸€å°æ™‚,20,3.85,"{'positive': 13, 'negative': 7}"
é¥—æ³°å¤šæ³°å¼é¢¨æ ¼é¤å»³ å¾®é¢¨æ¾é«˜åº—,20,3.85,"{'positive': 15, 'negative': 5}"
é¥—ç˜¦éµæ¿ç‡’,20,4.45,"{'positive': 16, 'negative': 4}"
é¥é£ŸåŠ,20,4.35,"{'positive': 18, 'negative': 2}"
é¦–æ€ç¾©ç¾©å¼é¤åŠï¼ˆæš‘å‡ç‡Ÿæ¥­æ™‚é–“è«‹è¦‹FBï¼‰,20,4.45,"{'positive': 18, 'negative': 2}"
é¦–çˆ¾ä¹‹å®¶,40,4.075,"{'positive': 29, 'negative': 11}"
é¦™å®® Shang Palace - å°åŒ—é æ±é¦™æ ¼é‡Œæ‹‰,20,4.45,"{'positive': 17, 'negative': 3}"
é¦™æ–™å»šæˆ¿,20,4.3,"{'positive': 19, 'negative': 1}"
é¦™æ»¿åœ’,20,4.45,"{'positive': 17, 'negative': 3}"
é¦™ç±³æ³°åœ‹æ–™ç† {ä¿¡ç¾©é ç™¾A13åº—},20,4.35,"{'positive': 17, 'negative': 3}"
é¦™è‘‰æ³°å¼æ–™ç†é¤å»³,20,4.05,"{'positive': 16, 'negative': 4}"
é¦™é€£éµæ¿æ–™ç†,20,3.8,"{'positive': 14, 'negative': 6}"
é¦¬å‹å‹å°åº¦å»šæˆ¿ - åŸºéš†è·¯,20,4.6,"{'positive': 18, 'negative': 2}"
é¦¬å‹å‹å°åº¦å»šæˆ¿ - æ°‘ç”Ÿæ±è·¯,20,4.85,"{'positive': 19, 'negative': 1}"
é¦¬å¯æ³¢ç¾…ç¾©å¤§åˆ©é¤å»³ - å°åŒ—é æ±é¦™æ ¼é‡Œæ‹‰,20,4.9,{'positive': 20}
é¦¬ç¥–éºµé¤¨ï¼ˆå°å¤§118å··åº—ï¼‰,20,4.2,"{'positive': 16, 'negative': 4}"
é¦®è¨˜ç§å»š,13,4.461538461538462,"{'positive': 12, 'negative': 1}"
é©›ç«™ç†±ç‚’,20,4.35,"{'positive': 17, 'negative': 3}"
é©¥åœ’å·èœé¤å»³,20,4.15,"{'positive': 17, 'negative': 3}"
é«˜å¥éº—,20,3.7,"{'positive': 12, 'negative': 8}"
é«˜å’Œé£Ÿå ‚,20,4.45,"{'positive': 19, 'negative': 1}"
é«˜é›„äº”ç¦æ‰é£Ÿ K.H.Wufu å¤§ç›´åº—,20,3.85,"{'positive': 13, 'negative': 7}"
é«˜é›„é»‘è¼ªå¤§ç‹,20,3.55,"{'positive': 12, 'negative': 8}"
é¬é¬šå¼µiPLUS+(å°åŒ—æ°‘ç”Ÿåº—),20,3.55,"{'positive': 11, 'negative': 9}"
é¬é¬šå¼µé­¯è‚‰é£¯ å°åŒ—å¤§å®‰åº—,20,3.95,"{'positive': 15, 'negative': 5}"
é¬é¬šå¼µé­¯è‚‰é£¯ å°åŒ—è¯å±±åº—,20,3.65,"{'positive': 12, 'negative': 8}"
é­šå¤šç”œè¼”å¤§åº—,20,3.75,"{'positive': 11, 'negative': 9}"
é­šç„æ©Ÿ(JJ's CAFE),11,4.909090909090909,{'positive': 11}
é­šç„é›å°é¤¨ - é™¤å¤•å¤–å¸¶å¹´èœ ç†±çƒˆé è³¼ä¸­ ã€éå¹´åˆä¸€è‡³åˆå›› å…¬ä¼‘!!!ã€,20,4.3,"{'positive': 17, 'negative': 3}"
é­šéŸ»æ—¥å¼æ–™ç†,20,4.45,"{'positive': 18, 'negative': 2}"
é®¨ ã‚’ã†,20,4.25,"{'positive': 16, 'negative': 4}"
é®¨ä½æ¨‚,20,3.95,"{'positive': 14, 'negative': 6}"
é®®ä¾†å¤§å®‰ç«™é‚£é‚Š,13,4.153846153846154,"{'positive': 10, 'negative': 3}"
é®®æ¹˜è¨˜,20,4.05,"{'positive': 16, 'negative': 4}"
é±˜é±»å°é¤¨,20,4.65,"{'positive': 19, 'negative': 1}"
é±·åå¸ A Toast,40,4.225,"{'positive': 33, 'negative': 7}"
é³¥äººæ‹‰éºµ-å°ç£ç¸½åº—TOTTO Ramen,20,3.7,"{'positive': 12, 'negative': 8}"
é³¥ä»¥èŠ±é¦™,20,4.7,"{'positive': 19, 'negative': 1}"
é³³åŸç‡’è‡˜ç²µèœ,60,3.8666666666666667,"{'positive': 45, 'negative': 15}"
é³³æµ·é›ç²¥,20,3.8,"{'positive': 13, 'negative': 7}"
é´»è¨˜çŸ³é‹,20,4.55,"{'positive': 18, 'negative': 2}"
é¹¿å¢ƒæ—©åˆé¤ Arrival Brunch & Cafe - æ—©åˆé¤æ¨è–¦ ï½œ é¤å»³ ï½œå°å·¨è›‹æ—©åˆé¤ ï½œ åŒ…å ´ ï½œ æ³•å¼åå¸ ï½œ æ¼¢å ¡ï½œå°å·¨è›‹æ—©åˆé¤ï½œå°åŒ—æ—©åˆé¤æ¨è–¦,20,4.65,"{'positive': 19, 'negative': 1}"
éº’é›²é¤é…’è—è¡“é¤å»³,20,4.65,"{'positive': 19, 'negative': 1}"
éº—å¦‚å°åƒåº—,20,4.25,"{'positive': 16, 'negative': 4}"
éº¥å‘³ç™» åŒ—å¸‚æ•¦åŒ—åº—(222å··),20,3.55,"{'positive': 11, 'negative': 9}"
éº¥å‘³ç™» æ–‡å±±æ”¿å¤§åº—,20,4.6,"{'positive': 18, 'negative': 2}"
éº¥ç•¶å‹-å°åŒ—å‹•ç‰©åœ’ä¸‰é¤å»³,20,2.7,"{'negative': 13, 'positive': 7}"
éº¥ç•¶å‹-å°åŒ—æ°‘ç”Ÿé¤å»³,20,3.8,"{'positive': 13, 'negative': 7}"
éº¥ç•¶å‹-å°åŒ—èˆˆéš†é¤å»³,20,2.15,"{'negative': 15, 'positive': 5}"
éº¥ç•¶å‹-å°åŒ—é¤¨å‰é¤å»³,20,2.8,"{'negative': 11, 'positive': 9}"
éº¥ç•¶å‹-å¿ å­äº”é¤å»³,20,2.45,"{'negative': 14, 'positive': 6}"
éº¥ç•¶å‹-æ–°å°åŒ—101é¤å»³,20,3.15,"{'positive': 10, 'negative': 10}"
éº¥ç•¶å‹-æ—æ£®äºŒé¤å»³,20,3.2,"{'positive': 13, 'negative': 7}"
éº¥é¦™åœ’æ‰‹å·¥æŠ«è–©,20,4.65,"{'positive': 19, 'negative': 1}"
éºµå±‹ä¸‰éƒ,20,3.55,"{'positive': 13, 'negative': 7}"
éºµå±‹æŠ€åºµ,20,4.8,{'positive': 20}
éºµå±‹æ­¦è— æœ¬åº—,20,4.0,"{'positive': 15, 'negative': 5}"
éº»ç…®è¿·ä½ çŸ³é‹ç‡’ - å…¬é¤¨åº—,40,4.425,"{'positive': 34, 'negative': 6}"
é»ƒè€çˆ¹é‹ç‡’éºµ,7,4.571428571428571,"{'positive': 6, 'negative': 1}"
é»ƒé‡‘éºµç·š,20,4.45,"{'positive': 18, 'negative': 2}"
é»‘å®¢æ»·å‘³,7,4.285714285714286,"{'positive': 6, 'negative': 1}"
é»‘å°é»‘ä¸²ç‡’ç†±ç‚’å¤§å®‰åº— ä¸²ç‡’åƒåˆ°é£½,20,3.1,"{'negative': 13, 'positive': 7}"
é»‘è¼ªæ‹…,20,4.4,{'positive': 20}
é»æ°´æ¨“ æ‡·å¯§åº—,20,3.3,"{'positive': 12, 'negative': 8}"
é¼å…ƒè±†æ¼¿,20,4.4,"{'positive': 18, 'negative': 2}"
é¼å·éœ–é‹ç‰© æ•¦åŒ—åº—,20,5.0,{'positive': 20}
é¼æ—ºéº»è¾£é‹ä¸€åº—251è™Ÿ,20,4.4,"{'positive': 18, 'negative': 2}"
é¼æ—ºéº»è¾£é‹äºŒåº—229è™Ÿ,20,4.7,{'positive': 20}
é¼æ³°è± 101åº—,20,4.7,"{'positive': 19, 'negative': 1}"
é¼æ³°è± A13åº—,20,4.6,"{'positive': 19, 'negative': 1}"
é¼æ³°è± ä¿¡ç¾©åº—,20,4.15,"{'positive': 17, 'negative': 3}"
é¼æ³°è± å¾©èˆˆåº—,20,4.75,"{'positive': 19, 'negative': 1}"
é¼æ³°è± æ–°ç”Ÿåº—,20,4.85,{'positive': 20}
é¾å‰²çƒ¹Ryu kappou,20,4.65,"{'positive': 18, 'negative': 2}"
é¾è¯ç‡’è…Š,20,4.1,"{'positive': 15, 'negative': 5}"
é¾é–€å®¢æ£§é¤ƒå­é¤¨ (æ—æ£®åº—),20,3.55,"{'positive': 13, 'negative': 7}"
é¾å®¶è‚‰ç¾¹,20,4.25,"{'positive': 15, 'negative': 5}"
ï¼ˆç™¾èŠ±å°ï¼‰R9 CafÃ©,20,3.4,"{'positive': 11, 'negative': 9}"
